prob,error,minimum,feval,niter,convergence
cubic_0.0_5.0_-10.0_-6.0_250_48.csv,5.1618316359025584e-6,3.5141832456705534e-9,493.0,281,true
cubic_0.0_6.0_0.0_-8.0_150_20.csv,5.254367665746522e-6,2.863303261706931e-9,496.0,276,true
cubic_0.0_6.0_-3.5_9.0_850_85.csv,1.4314664147363487e-6,6.339352364767359e-9,554.0,310,true
cubic_0.0_8.5_-1.5_-7.5_850_178.csv,8.653301254213375e-6,7.836857482264484e-9,666.0,377,true
cubic_0.0_9.5_1.0_-9.5_700_35.csv,8.960304870708413e-6,2.555816516664471e-9,547.0,312,true
cubic_-0.5_2.0_-6.0_5.0_900_198.csv,2.8612810591965854e-6,6.354791287503215e-9,667.0,382,true
cubic_0.5_2.5_-2.5_8.0_1000_160.csv,1.1260268291124476e-6,1.197185600981499e-9,501.0,282,true
cubic_-0.5_-3.5_-5.5_1.5_400_32.csv,8.551771932374663e-6,3.991825108237239e-9,411.0,237,true
cubic_-0.5_4.0_0.0_-4.0_250_45.csv,3.0570006552821383e-6,3.628703287616937e-9,472.0,269,true
cubic_0.5_-4.0_2.0_5.5_200_28.csv,1.3381883873897493e-5,3.7203092199022374e-9,446.0,252,true
cubic_0.5_-5.5_1.5_2.5_400_72.csv,4.7108294058961775e-6,3.610713790141307e-9,426.0,242,true
cubic_-0.5_-6.0_-2.5_8.5_950_200.csv,4.405520709127586e-6,6.8219265632744625e-9,480.0,272,true
cubic_-0.5_6.5_-7.5_8.5_500_120.csv,6.256071301891097e-6,1.111898881461287e-8,552.0,312,true
cubic_0.5_-8.0_-10.0_-4.5_600_114.csv,3.5360644261572816e-6,4.154830683516136e-9,625.0,345,true
cubic_10.0_-0.5_2.5_-8.0_450_104.csv,8.252206169956366e-6,4.56861118683205e-9,503.0,280,true
cubic_-10.0_-10.0_6.0_-10.0_300_33.csv,1.0108526407037743e-5,1.515301121539657e-8,670.0,374,true
cubic_-10.0_1.5_-10.0_6.5_550_110.csv,3.65713138350543e-5,1.4544894977522611e-8,535.0,298,true
cubic_10.0_2.0_0.5_-9.0_500_85.csv,3.038834329283091e-6,4.528071871952701e-9,707.0,406,true
cubic_-10.0_2.0_7.0_-7.0_650_91.csv,3.5192547773732485e-6,7.775965604165374e-9,673.0,374,true
cubic_1.0_-0.5_-2.5_-1.0_600_78.csv,6.9565225341849946e-6,2.944096428215803e-9,418.0,235,true
cubic_-1.0_0.5_-4.5_-5.5_350_18.csv,2.7405207224884265e-5,8.797372266501378e-9,497.0,283,true
cubic_-10.0_-5.5_-1.0_-6.0_800_144.csv,1.402707409781101e-6,1.0018854926552653e-8,733.0,413,true
cubic_-1.0_-0.5_-9.5_8.5_900_99.csv,8.41434459886159e-7,3.085118742375804e-9,542.0,302,true
cubic_10.0_6.5_-10.0_3.0_650_72.csv,4.97865354720517e-6,1.2861376525776552e-8,474.0,273,true
cubic_10.0_7.5_-7.5_10.0_100_15.csv,4.4556019673791525e-6,2.7163044287660094e-9,563.0,318,true
cubic_10.0_8.0_4.5_8.5_200_12.csv,1.4517397319835368e-6,3.8424180291114436e-10,639.0,351,true
cubic_-10.0_8.0_9.0_-5.0_800_64.csv,3.509962020586954e-6,2.672738376823697e-9,530.0,302,true
cubic_10.0_9.0_-1.0_10.0_800_40.csv,4.271219264495585e-6,9.523828224383393e-9,738.0,417,true
cubic_10.0_9.0_7.5_8.5_750_82.csv,1.2517162300440532e-5,8.201180574527539e-9,553.0,316,true
cubic_1.0_10.0_-3.0_-1.0_850_85.csv,9.616088862740568e-6,4.039642154770657e-9,411.0,228,true
cubic_1.0_1.0_5.5_-8.0_400_72.csv,1.8178349687758555e-6,1.099953989399725e-9,428.0,241,true
cubic_1.0_-1.5_9.0_-9.0_100_6.csv,1.2623912642339974e-5,8.671932823823386e-9,533.0,302,true
cubic_1.0_2.0_3.0_4.0_100_3.csv,8.12830727525693e-6,6.038683597604587e-9,773.0,439,true
cubic_1.0_-2.5_-8.0_1.5_450_36.csv,4.626713112187986e-6,7.684666386850783e-9,462.0,259,true
cubic_1.0_-3.0_8.0_5.5_150_8.csv,1.767223328452694e-5,6.157156851841036e-9,425.0,243,true
cubic_-1.0_3.5_1.5_-8.0_900_126.csv,4.0517302064557725e-6,6.051060472658095e-9,456.0,259,true
cubic_-1.0_3.5_-7.0_4.0_500_80.csv,4.722271036539105e-6,2.2912170357895985e-9,463.0,261,true
cubic_1.0_-6.5_5.0_-4.0_350_74.csv,7.347410720726089e-6,1.879809453933106e-9,501.0,279,true
cubic_-1.0_-7.0_1.0_-2.5_750_45.csv,2.6604723974976707e-6,4.914931186953184e-9,472.0,262,true
cubic_-1.0_7.0_-2.5_3.0_100_25.csv,3.763635839870716e-6,6.483803782258886e-9,551.0,306,true
cubic_-1.0_8.0_5.0_4.0_350_56.csv,1.4399609131743318e-6,1.1515158492748702e-9,672.0,385,true
cubic_-1.0_-9.0_4.0_-0.5_600_90.csv,2.5577743560933897e-6,1.1528659604639872e-8,692.0,384,true
cubic_1.5_1.5_-3.5_-9.5_400_100.csv,5.511140964920003e-6,1.0743580022881022e-8,581.0,325,true
cubic_1.5_3.5_3.0_3.5_600_72.csv,1.3788417767557348e-6,6.4300068863916705e-9,585.0,335,true
cubic_-1.5_-3.5_3.5_-8.5_950_238.csv,3.459935181027163e-6,6.611742569991037e-9,460.0,256,true
cubic_1.5_4.0_-7.0_-5.0_400_20.csv,1.542363532136548e-5,3.2555469063420635e-9,445.0,247,true
cubic_1.5_-6.0_0.5_-8.0_400_68.csv,4.506712929952528e-6,8.57383229315525e-9,523.0,300,true
cubic_-1.5_-6.0_-9.5_-3.0_750_98.csv,2.2344362906601134e-6,4.214319092763248e-9,434.0,248,true
cubic_1.5_-7.0_-7.0_1.0_350_63.csv,1.7122295058236148e-5,1.0256230697613409e-8,405.0,234,true
cubic_-1.5_7.5_-3.0_6.5_1000_160.csv,8.862974238965649e-7,2.953451900025919e-9,579.0,325,true
cubic_-1.5_-8.0_5.0_-6.5_450_54.csv,3.6938068275205183e-6,4.6951801944578365e-9,531.0,297,true
cubic_-1.5_-8.0_-6.0_-5.0_300_21.csv,7.224622913915013e-6,9.929895892396088e-10,522.0,296,true
cubic_-1.5_-9.5_4.0_2.0_550_94.csv,4.872408172928999e-6,6.597632816686585e-9,664.0,374,true
cubic_-2.0_0.5_-5.5_6.0_600_78.csv,4.083459669956824e-6,8.341710092364092e-9,556.0,314,true
cubic_2.0_-2.0_3.0_2.0_100_3.csv,9.903502535379971e-6,3.98441281175413e-9,421.0,238,true
cubic_-2.0_2.0_9.0_8.0_250_35.csv,4.763854120071187e-6,3.706362081477951e-9,445.0,258,true
cubic_2.0_-2.5_8.5_4.0_950_76.csv,7.647093021034834e-7,1.2537926625109559e-9,597.0,333,true
cubic_2.0_3.5_-9.0_-9.0_500_85.csv,1.6679150622422867e-5,1.657311933078786e-8,559.0,317,true
cubic_2.0_-4.5_10.0_-7.0_600_84.csv,5.21569810629785e-6,2.480211945609059e-8,610.0,340,true
cubic_-2.0_5.0_3.5_0.5_400_76.csv,4.681546419083027e-6,3.5491798242389926e-8,516.0,299,true
cubic_-2.0_7.0_1.0_-3.5_300_18.csv,4.131104947013853e-6,2.84695524736795e-9,537.0,296,true
cubic_-2.0_7.0_6.5_7.5_750_38.csv,5.034080767352123e-6,1.7625721756457407e-8,557.0,322,true
cubic_-2.0_-9.5_-10.0_-3.5_150_28.csv,7.2270887052638955e-6,7.190838300638834e-9,640.0,365,true
cubic_2.0_9.5_-8.5_-7.0_850_119.csv,3.323211192451936e-6,2.9700109114339836e-9,527.0,296,true
cubic_2.0_9.5_-9.5_-1.0_550_55.csv,3.4852601500379166e-6,2.850119560805885e-9,409.0,226,true
cubic_2.5_-1.0_-10.0_2.0_300_63.csv,3.284887600152331e-6,3.222928234852138e-9,407.0,230,true
cubic_2.5_-1.0_8.0_1.0_900_207.csv,5.460113429833768e-6,3.040574685176467e-9,447.0,249,true
cubic_-2.5_1.0_9.5_3.0_300_75.csv,6.242124175770414e-6,6.156095655231834e-9,397.0,220,true
cubic_2.5_1.5_-3.0_0.5_350_52.csv,1.2234420907475396e-6,2.6704737485381255e-9,577.0,320,true
cubic_-2.5_-2.0_-4.0_1.5_100_14.csv,1.548802245565639e-5,9.306658056519754e-9,481.0,277,true
cubic_2.5_-3.0_5.0_-6.5_250_38.csv,6.858575058998895e-6,5.519539987183662e-9,548.0,304,true
cubic_2.5_3.5_6.5_9.0_700_56.csv,4.652858789810921e-6,9.568525074392452e-9,490.0,277,true
cubic_2.5_-4.0_8.0_-7.5_850_144.csv,2.8043487656503885e-6,2.9951899857889063e-9,507.0,284,true
cubic_2.5_4.5_2.5_7.0_400_52.csv,2.981107651400805e-6,1.201336293610302e-8,555.0,310,true
cubic_-2.5_5.0_-8.5_-0.5_600_42.csv,8.496882439423814e-6,6.104926262557332e-9,503.0,288,true
cubic_2.5_5.5_-1.5_-3.5_600_138.csv,2.8019866897821544e-6,6.063446051453293e-9,488.0,285,true
cubic_-2.5_-5.5_7.5_-1.5_750_135.csv,1.4622469011627004e-5,8.446347602038479e-9,435.0,245,true
cubic_-2.5_-6.0_10.0_-7.5_800_136.csv,1.8648871709103787e-6,3.1881867284085066e-9,579.0,330,true
cubic_2.5_-6.5_2.5_6.0_800_104.csv,1.1687382053260365e-6,3.7064391619453814e-9,576.0,331,true
cubic_2.5_8.0_-8.5_7.0_650_156.csv,1.1699225497707744e-5,4.108613382378298e-8,551.0,305,true
cubic_-2.5_-8.5_-1.5_-3.5_550_104.csv,1.25546738849458e-6,3.776159097001088e-9,448.0,250,true
cubic_-2.5_-8.5_-9.5_-10.0_200_48.csv,1.0318358526717475e-5,5.451067477141722e-9,546.0,311,true
cubic_-2.5_9.5_2.0_1.5_250_42.csv,1.59520506093358e-6,4.392878112266458e-9,572.0,329,true
cubic_-3.0_1.5_-3.5_-6.5_300_39.csv,1.083091514608725e-5,2.443746830326534e-8,555.0,310,true
cubic_-3.0_-2.0_-3.5_-1.0_1000_100.csv,2.447676644923291e-6,8.898239471615284e-9,493.0,280,true
cubic_-3.0_-2.0_9.0_-2.0_100_25.csv,5.0589402790901516e-5,9.079976646506326e-9,460.0,267,true
cubic_3.0_-3.5_0.0_-2.5_500_90.csv,2.2584749017057055e-6,3.791169315619349e-9,488.0,275,true
cubic_-3.0_3.5_1.0_-8.5_100_13.csv,3.6398954232907954e-6,7.939759188159604e-9,621.0,352,true
cubic_3.0_4.5_-1.5_-6.0_350_88.csv,4.789221721868131e-6,3.4117349052533257e-9,540.0,311,true
cubic_-3.0_-4.5_7.5_-9.0_800_88.csv,6.3696140992774986e-6,4.0604834388801695e-9,518.0,285,true
cubic_-3.0_5.0_2.0_2.0_450_94.csv,2.0166019787382083e-6,1.5153945034214097e-9,422.0,240,true
cubic_3.0_5.0_4.5_5.5_500_50.csv,5.3732863971589495e-6,8.549043696829868e-9,496.0,280,true
cubic_3.0_-5.5_-2.0_-1.0_950_48.csv,1.1187462624739908e-5,1.186533714535001e-8,485.0,270,true
cubic_3.0_-6.5_2.0_-10.0_650_32.csv,6.71608189084516e-6,2.8325995763256687e-8,530.0,299,true
cubic_3.0_-6.5_-2.5_9.0_150_20.csv,3.4120022158745655e-6,2.898415022213921e-9,471.0,264,true
cubic_-3.0_-8.0_9.5_8.5_800_96.csv,7.95355768801187e-6,4.3152186587372155e-9,471.0,262,true
cubic_3.0_-8.5_-0.5_-0.5_750_105.csv,2.461548197607577e-6,1.9226294421591972e-8,410.0,234,true
cubic_-3.0_-8.5_-1.0_0.0_900_135.csv,5.4824705610911906e-6,8.442149264980449e-9,485.0,282,true
cubic_3.0_-9.0_-10.0_-4.0_200_40.csv,2.6481071900619213e-5,7.045159054522043e-9,458.0,260,true
cubic_3.5_10.0_-10.0_-2.5_950_142.csv,4.482834251362533e-6,9.637420684754625e-9,604.0,344,true
cubic_-3.5_10.0_-3.0_-2.0_450_50.csv,1.411486336122536e-5,2.3034520031658756e-9,429.0,241,true
cubic_3.5_1.0_-3.5_10.0_200_36.csv,1.4303635410328752e-5,2.7757917023275393e-8,775.0,437,true
cubic_-3.5_1.5_-1.5_-3.0_750_180.csv,4.108787519996326e-6,6.2897919723775734e-9,706.0,408,true
cubic_-3.5_2.5_5.5_4.5_1000_130.csv,5.19013183541972e-6,3.6081016800264954e-9,493.0,280,true
cubic_-3.5_-3.0_1.5_1.5_800_176.csv,1.8383846374092627e-6,1.1556203236539539e-9,498.0,284,true
cubic_-3.5_-3.5_8.5_5.0_800_80.csv,1.8022441157228286e-6,9.310043252445159e-9,600.0,339,true
cubic_-3.5_-6.0_-5.5_10.0_1000_100.csv,5.113799682376907e-6,6.027300567807028e-9,514.0,293,true
cubic_-3.5_7.0_1.0_-1.5_950_209.csv,2.5280538784588913e-6,2.5809486066850887e-8,662.0,376,true
cubic_-3.5_9.0_-8.5_-5.5_750_98.csv,3.568071942794404e-6,1.0803821062051375e-8,590.0,331,true
cubic_4.0_1.0_0.0_-8.0_550_126.csv,7.245438237951803e-6,1.4441291348796053e-8,473.0,260,true
cubic_-4.0_-1.0_6.5_0.5_150_28.csv,1.38365193791401e-6,3.755439780322946e-10,643.0,369,true
cubic_-4.0_1.5_-2.5_6.0_300_33.csv,3.315409325743701e-6,4.851885876655724e-9,525.0,294,true
cubic_4.0_-2.0_-2.5_-8.0_1000_170.csv,1.6567373757325754e-6,3.3785576855344078e-9,609.0,339,true
cubic_4.0_-2.0_-4.0_2.0_450_68.csv,1.0610678933709039e-5,2.9287241868823535e-8,427.0,232,true
cubic_4.0_2.5_-8.5_8.0_350_52.csv,1.9119896319530483e-6,1.5041711801277766e-8,583.0,337,true
cubic_-4.0_-4.0_3.5_-6.0_300_45.csv,1.051085224634818e-6,6.74330380580684e-9,702.0,398,true
cubic_4.0_4.0_5.0_2.5_300_30.csv,5.11976489292465e-6,1.4033934282238413e-8,664.0,379,true
cubic_4.0_-5.0_-9.5_7.0_350_66.csv,2.2859560440124937e-6,2.3348059535133956e-9,528.0,304,true
cubic_4.0_-5.5_-10.0_9.5_200_50.csv,4.913543346418692e-6,2.8984973878062554e-9,406.0,230,true
cubic_-4.0_5.5_-6.0_7.5_700_49.csv,2.654337313501287e-6,4.0096427848048025e-9,615.0,352,true
cubic_-4.0_6.5_0.5_-4.0_950_48.csv,2.222056098899472e-6,6.2627770460767564e-9,561.0,318,true
cubic_4.0_-7.0_7.0_-1.0_550_50.csv,9.052285466104593e-6,6.153804085989724e-9,403.0,227,true
cubic_4.0_7.5_9.0_-5.5_750_172.csv,3.4114493185910533e-6,4.209634565739354e-9,777.0,451,true
cubic_4.0_-8.0_5.0_-8.0_750_150.csv,2.9263177090399495e-6,5.711243647909785e-9,540.0,306,true
cubic_-4.0_8.5_1.5_-2.5_550_94.csv,2.4478230482571917e-6,3.1496862761911018e-9,659.0,377,true
cubic_4.0_-9.0_1.5_-6.5_400_52.csv,4.488307876693298e-6,4.523938912072519e-9,462.0,264,true
cubic_4.0_9.5_9.5_1.5_100_18.csv,1.2204321762077086e-6,7.91217006985368e-10,768.0,435,true
cubic_-4.5_0.5_-8.5_5.0_300_27.csv,2.465188066125279e-6,5.745882580647202e-9,684.0,383,true
cubic_-4.5_0.5_-8.5_-9.0_200_20.csv,1.0827642158428574e-5,5.289106265628379e-9,617.0,349,true
cubic_4.5_10.0_-5.0_-8.0_150_11.csv,4.9809776534459616e-6,5.169242320561273e-9,620.0,346,true
cubic_-4.5_-2.5_-4.0_4.5_700_154.csv,1.0713821092522835e-6,3.1497862414718607e-9,658.0,372,true
cubic_4.5_9.5_-4.5_-2.0_950_180.csv,1.1776956734266264e-6,1.3656348501029783e-9,779.0,438,true
cubic_5.0_-1.0_-8.5_2.0_450_112.csv,4.929875879078338e-6,5.412449181617707e-9,573.0,323,true
cubic_-5.0_-1.5_4.5_8.0_700_168.csv,1.477948737615975e-6,1.6889130881965565e-9,581.0,332,true
cubic_5.0_2.0_-2.5_5.0_350_70.csv,4.405247518818863,63.46392941900226,586.0,333,true
cubic_5.0_2.5_2.0_-3.0_150_32.csv,3.079448052556444e-6,3.2270471441223845e-9,613.0,343,true
cubic_5.0_2.5_-7.5_-9.5_800_112.csv,1.933094452510886e-6,8.946067033343544e-9,461.0,259,true
cubic_5.0_-4.0_6.0_-7.0_200_16.csv,3.9322944349606814e-6,1.2712183901291617e-8,590.0,330,true
cubic_-5.0_5.0_-0.5_-2.5_950_66.csv,2.073467104402038e-6,3.0357235165958613e-9,569.0,322,true
cubic_5.0_5.0_-6.5_6.0_950_171.csv,1.2983526522347688e-5,3.8070490468934915e-9,554.0,314,true
cubic_-5.0_5.5_6.5_3.5_500_110.csv,1.5660516434756744e-6,7.288445487703431e-9,588.0,329,true
cubic_5.0_-6.5_-8.0_1.5_550_94.csv,1.9466714218374648e-6,2.4706942843735453e-9,669.0,376,true
cubic_5.0_7.5_-9.0_-3.5_850_76.csv,3.337899826760804e-6,6.575742243753017e-9,539.0,304,true
cubic_-5.0_-8.0_2.5_-7.5_650_98.csv,4.191693292465715e-6,5.013369150375457e-9,541.0,312,true
cubic_-5.0_8.0_5.0_-3.5_350_18.csv,2.7004002483010936e-6,1.6954120697882965e-9,475.0,275,true
cubic_-5.0_8.0_-9.0_3.5_250_45.csv,3.0647181361587172e-6,2.7966832407770413e-9,603.0,341,true
cubic_-5.0_9.0_-3.5_-8.5_750_158.csv,2.8113987688982434e-6,4.572883441690312e-9,573.0,321,true
cubic_5.0_9.5_2.5_0.5_850_212.csv,8.895582982448857e-7,9.443249999612847e-9,673.0,383,true
cubic_-5.5_0.0_6.0_10.0_800_112.csv,1.2319060367360635e-6,3.522835769227614e-9,647.0,363,true
cubic_-5.5_-10.0_-6.5_-0.5_800_64.csv,7.617750991784078e-6,7.306034321973145e-9,544.0,309,true
cubic_-5.5_-1.0_-4.5_7.0_300_75.csv,4.995188175982435e-6,7.29029416890614e-9,690.0,390,true
cubic_5.5_-2.5_2.5_-6.0_300_36.csv,1.641941061336638e-6,2.9444583453965508e-9,649.0,370,true
cubic_5.5_3.5_-10.0_-5.0_100_7.csv,1.1520235588591277e-5,1.0815388742427651e-8,652.0,365,true
cubic_5.5_5.5_-5.5_-3.0_750_112.csv,6.158462458042925,390.0159343407227,377.0,215,true
cubic_-5.5_-7.0_-1.0_-6.0_200_20.csv,1.3500870019278466e-5,3.261911395717471e-9,502.0,284,true
cubic_5.5_-8.5_-5.0_9.0_350_35.csv,2.7479615685166436e-6,1.428460991133418e-9,501.0,288,true
cubic_5.5_8.5_-6.0_-6.0_200_40.csv,2.533472326149422e-6,1.8445040410605696e-9,585.0,327,true
cubic_6.0_-0.5_-5.0_-1.5_800_176.csv,5.183493014371265e-6,2.3070783578528617e-8,561.0,316,true
cubic_6.0_-10.0_-7.5_-3.0_650_136.csv,2.465509044036196e-6,5.488865411882812e-9,558.0,319,true
cubic_-6.0_-1.0_-10.0_-5.5_200_34.csv,4.873783501224693e-6,2.6386829312247346e-9,526.0,299,true
cubic_6.0_-1.0_9.5_3.5_200_42.csv,1.4168639316025633e-5,6.024543953614567e-9,508.0,294,true
cubic_-6.0_-1.5_2.0_-8.5_750_68.csv,3.364157605600937e-6,2.2774164793172495e-9,516.0,306,true
cubic_-6.0_-3.0_8.5_-4.0_650_78.csv,4.533649363480663e-6,1.8312426812213093e-8,643.0,363,true
cubic_6.0_3.5_1.5_2.0_600_78.csv,4.859284387093155e-6,8.714391491117912e-9,599.0,340,true
cubic_6.0_4.5_-10.0_-5.0_900_144.csv,1.307800431504802e-6,8.579575145689665e-9,667.0,371,true
cubic_-6.0_4.5_6.5_3.5_150_33.csv,6.398175477428936e-6,7.1349337713940375e-9,498.0,284,true
cubic_-6.0_-4.5_-7.5_-6.5_500_120.csv,4.17409562025739e-6,4.942637485175945e-9,787.0,445,true
cubic_6.0_5.0_-5.5_-9.5_800_136.csv,6.555494732636012,405.84409579393434,559.0,314,true
cubic_6.0_-7.0_0.5_-8.0_800_112.csv,2.5972664721152228e-6,4.3555414455353246e-9,721.0,399,true
cubic_-6.0_-8.0_-9.0_-3.0_300_18.csv,3.2015683073538526e-6,3.29807355766651e-9,743.0,421,true
cubic_-6.0_9.0_10.0_5.0_1000_190.csv,2.744448711844427e-6,6.330029890204978e-9,790.0,442,true
cubic_6.0_9.5_0.5_5.0_600_90.csv,1.67322692412597e-6,4.738657160725789e-9,718.0,394,true
cubic_-6.5_1.0_3.5_1.5_800_96.csv,1.739627389252263e-6,2.059418018802612e-9,524.0,297,true
cubic_-6.5_-3.0_1.5_2.0_900_117.csv,6.379212410312363e-6,6.5232631211008665e-9,469.0,266,true
cubic_-6.5_-3.0_-1.5_-5.0_350_77.csv,2.954710850655573e-6,6.314583704605152e-9,655.0,370,true
cubic_6.5_-6.0_1.5_6.5_150_15.csv,2.5442616271575957e-6,4.424675534006239e-9,778.0,436,true
cubic_6.5_-6.5_-8.0_8.0_500_25.csv,3.311166224762019e-6,3.51859375530221e-9,447.0,252,true
cubic_-6.5_7.0_7.5_7.5_850_94.csv,4.700059032636261e-6,2.0871289869715386e-8,511.0,289,true
cubic_-6.5_8.0_-9.5_7.0_750_60.csv,6.352825540290041e-6,8.246889744596606e-9,453.0,252,true
cubic_-6.5_-9.0_-0.5_3.0_1000_130.csv,4.997005474294269e-6,1.449384002312971e-8,497.0,274,true
cubic_6.5_-9.5_10.0_-6.5_350_35.csv,9.509343565916595e-6,1.3695185320141425e-8,715.0,400,true
cubic_-7.0_1.0_0.5_-5.5_400_52.csv,6.736685991270974e-6,8.067738582530204e-9,498.0,285,true
cubic_-7.0_-2.0_3.5_-8.0_250_15.csv,8.548958021492581e-7,2.165689399824127e-9,621.0,349,true
cubic_-7.0_2.5_-9.5_6.5_600_132.csv,3.0478398906907955e-6,4.076173672252692e-9,723.0,413,true
cubic_7.0_-4.0_4.5_5.0_200_20.csv,7.843790334582934e-6,4.989402795831703e-9,572.0,326,true
cubic_7.0_4.5_-3.5_-9.5_350_32.csv,2.538652297268129e-6,4.237908726389747e-9,486.0,278,true
cubic_-7.0_6.0_6.0_1.0_500_45.csv,1.0440403906852858e-5,3.692443010171441e-8,617.0,352,true
cubic_-7.0_-7.0_-6.5_0.5_750_142.csv,5.714470983519959e-6,4.904327975231937e-9,490.0,280,true
cubic_7.0_7.0_7.5_2.0_1000_140.csv,3.669194872824022e-6,1.8982187956292982e-8,516.0,291,true
cubic_-7.0_8.5_10.0_6.0_750_68.csv,5.119910930773131e-7,1.412801025105306e-9,752.0,424,true
cubic_7.0_9.0_8.0_-1.5_650_136.csv,8.924154863976241e-6,4.3630151153957806e-8,684.0,381,true
cubic_7.0_-9.0_-8.5_-1.0_200_34.csv,7.330840601227351e-6,1.3967450739207976e-8,428.0,243,true
cubic_-7.0_9.5_-7.5_-5.5_150_8.csv,1.346476026942156e-5,4.652265439555975e-9,496.0,272,true
cubic_7.5_-10.0_-6.0_0.5_150_16.csv,7.676494048758364e-6,8.238048421087864e-9,626.0,353,true
cubic_7.5_-2.5_-7.0_4.0_700_154.csv,2.221860241569118e-6,6.166883660325465e-9,654.0,365,true
cubic_-7.5_-3.0_-4.5_-9.5_750_53.csv,3.2058300476478507e-6,4.55500266909609e-9,786.0,440,true
cubic_-7.5_6.5_6.5_-6.0_550_99.csv,4.064315064056245e-6,1.0575316536514547e-8,469.0,268,true
cubic_7.5_-7.0_9.0_9.0_900_225.csv,1.0056313541895179e-6,2.6213270912581257e-9,705.0,399,true
cubic_-7.5_-8.0_-2.5_-5.0_350_84.csv,8.763200143266332,220.91468783071096,593.0,332,true
cubic_7.5_-8.0_4.0_7.5_550_82.csv,1.5654280307586532e-6,5.210785906777401e-9,763.0,420,true
cubic_8.0_10.0_0.0_4.5_500_85.csv,2.922762327273176e-6,6.342942095870702e-9,672.0,383,true
cubic_-8.0_10.0_9.5_8.5_950_162.csv,9.074791419649841e-6,1.8943147522217874e-9,546.0,309,true
cubic_8.0_-2.0_1.0_7.5_700_126.csv,4.606320627598137e-6,1.0046039317519353e-8,559.0,319,true
cubic_-8.0_-2.0_-4.5_7.0_200_32.csv,1.8441110267275462e-5,1.2809660262721572e-8,558.0,316,true
cubic_8.0_-2.5_10.0_-2.0_600_48.csv,4.431996748266442e-6,7.92652336792137e-9,559.0,316,true
cubic_-8.0_-4.0_7.5_7.0_950_238.csv,3.9669787739171625e-6,7.471103111835017e-9,495.0,274,true
cubic_8.0_-4.0_-9.5_2.5_250_58.csv,5.566270121715178e-6,5.5711782696452646e-9,524.0,301,true
cubic_8.0_5.0_2.0_7.0_750_150.csv,1.2368423787378902e-5,4.111569627065455e-9,531.0,303,true
cubic_8.0_6.5_-1.0_8.0_700_112.csv,2.3831531730245104e-6,4.464916596652058e-9,541.0,304,true
cubic_8.0_8.0_-9.5_5.5_900_225.csv,1.0635706892969665e-6,2.676444651369754e-9,937.0,535,true
cubic_8.5_1.0_7.0_6.0_500_85.csv,5.628860304973671e-6,6.846920796956974e-9,582.0,322,true
cubic_-8.5_-2.0_-1.0_2.5_500_110.csv,4.049801439975909e-6,3.2444615975656954e-9,521.0,291,true
cubic_-8.5_3.0_-2.5_9.5_400_96.csv,4.5825434114021846e-6,8.972215924822785e-9,569.0,318,true
cubic_-8.5_-3.0_6.5_3.0_250_20.csv,6.544555984255851e-6,1.012644501977393e-8,681.0,384,true
cubic_8.5_3.5_-3.0_-5.5_850_178.csv,2.6347137449533875e-6,4.147121649453047e-9,633.0,353,true
cubic_-8.5_4.5_-1.5_5.0_950_171.csv,1.7769567719483348e-6,1.358592736434954e-8,557.0,310,true
cubic_-8.5_5.0_1.0_2.5_900_207.csv,4.778759966628243e-7,2.0241855470778935e-9,721.0,396,true
cubic_8.5_-6.5_9.0_10.0_600_150.csv,2.9043564984121417e-6,7.762585127883807e-9,606.0,345,true
cubic_8.5_7.5_10.0_-3.5_800_72.csv,3.8017897354691854e-6,1.3589258397708258e-8,712.0,390,true
cubic_8.5_-8.5_3.0_-1.0_800_80.csv,3.375611223432884e-6,7.094755583212689e-9,482.0,269,true
cubic_8.5_8.5_-3.5_2.5_100_14.csv,9.461329039480749,2842.0776286780138,437.0,242,true
cubic_-8.5_9.0_6.0_-1.0_750_105.csv,1.8590331574142027e-6,1.3142649542789686e-8,763.0,422,true
cubic_-8.5_9.0_-6.5_8.5_650_98.csv,4.5243994328814097e-7,4.996768653752541e-9,843.0,480,true
cubic_8.5_9.5_-0.5_6.5_1000_60.csv,2.384500926710942e-6,1.1413685561127568e-8,833.0,462,true
cubic_8.5_9.5_-4.5_6.0_800_144.csv,6.658043309570871e-6,8.876005253046684e-9,435.0,247,true
cubic_-8.5_-9.5_-9.5_-2.5_450_81.csv,1.823995534167011e-6,8.692799463978072e-9,532.0,304,true
cubic_-9.0_1.5_-2.0_7.0_1000_140.csv,2.0334690784551412e-6,4.310894027710847e-9,746.0,425,true
cubic_9.0_-1.5_6.5_5.0_150_32.csv,8.850316025821314e-6,3.860956041844018e-9,626.0,349,true
cubic_9.0_2.0_-10.0_0.0_150_33.csv,3.3387805242278538e-6,1.6397739384261733e-8,733.0,420,true
cubic_9.0_-3.0_7.5_-0.5_400_72.csv,5.258107437455806e-6,5.839103054332519e-9,619.0,350,true
cubic_9.0_4.0_-6.5_-1.0_800_80.csv,2.4223643535492556e-6,4.879390461677217e-9,686.0,388,true
cubic_-9.0_-5.5_-9.0_-4.0_350_38.csv,6.806664632819093e-6,5.220068767761821e-9,605.0,340,true
cubic_9.5_0.0_4.5_-2.0_200_48.csv,6.041782130150608e-6,3.541702535317143e-9,482.0,268,true
cubic_-9.5_0.0_-7.5_2.0_500_35.csv,3.7820102303243175e-6,3.767886846853285e-9,429.0,240,true
cubic_9.5_0.5_-10.0_10.0_850_51.csv,1.6420836885799872e-6,1.7146502650102127e-9,697.0,395,true
cubic_-9.5_0.5_-4.5_7.0_800_200.csv,1.2627253100916391e-5,6.93764713873247e-9,572.0,316,true
cubic_-9.5_0.5_-7.0_1.0_500_85.csv,5.185352031755741e-6,5.061330134242201e-9,619.0,344,true
cubic_-9.5_1.5_5.0_-9.0_250_60.csv,6.035469809262395e-6,1.2347133122175636e-8,655.0,362,true
cubic_-9.5_-1.5_-9.5_-5.5_550_60.csv,2.2536647534820986e-6,3.9236238173173215e-9,680.0,378,true
cubic_-9.5_-2.5_-1.0_-1.5_650_150.csv,8.479852661909401,461.42264992602793,382.0,212,true
cubic_9.5_3.0_8.5_2.0_950_133.csv,4.064024262451227e-6,7.764700871463345e-9,735.0,427,true
cubic_9.5_3.5_-2.0_1.5_300_57.csv,7.65492125531786e-6,5.230229409084307e-9,585.0,320,true
cubic_9.5_4.0_-6.5_3.0_300_30.csv,2.058586916930949e-6,3.0151870479039062e-9,605.0,335,true
cubic_9.5_-4.5_-4.5_-6.0_800_136.csv,7.434106237269589e-7,2.4123728887807034e-9,493.0,272,true
cubic_-9.5_6.0_9.5_6.0_350_18.csv,1.0859924198136639e-5,4.075098301734227e-8,544.0,309,true
cubic_9.5_-6.5_-9.0_-10.0_550_60.csv,1.6735019574554144e-6,7.241613172506524e-9,540.0,305,true
cubic_9.5_6.5_-9.0_-7.5_800_48.csv,1.3327454055911403e-6,5.944917452204617e-9,691.0,395,true
cubic_9.5_-7.0_0.0_-6.5_200_34.csv,3.266496257322962e-6,8.252463226656594e-9,629.0,355,true
cubic_9.5_-7.0_-8.5_9.0_250_32.csv,1.3172750952250567e-5,3.527210132497134e-8,719.0,413,true
cubic_-9.5_-7.5_-2.0_5.5_400_48.csv,3.7276512370176818e-6,5.841630814233197e-9,828.0,466,true
cubic_9.5_8.5_-6.5_8.0_300_24.csv,1.3872618238153223e-5,7.0449347558380136e-9,489.0,271,true
cubic_9.5_9.0_1.0_-3.5_600_102.csv,3.182561670644901e-6,2.441633497814718e-9,604.0,341,true
gaussian_0.0_-10.0_5.5_150_34.csv,10.0,0.0,5.0,0,true
gaussian_0.0_-4.5_-0.5_900_45.csv,4.5,0.0,5.0,0,true
gaussian_0.0_-5.0_9.0_350_70.csv,9.0,0.0,5.0,0,true
gaussian_0.0_-7.0_9.0_700_91.csv,9.0,0.0,5.0,0,true
gaussian_0.0_8.5_-1.5_200_46.csv,8.5,0.0,5.0,0,true
gaussian_0.5_-0.5_-9.5_950_200.csv,9.5,164.55113605952454,5.0,0,true
gaussian_0.5_10.0_-2.5_550_116.csv,10.0,5.952416015131117e-7,5.0,0,true
gaussian_0.5_1.0_-7.0_150_14.csv,7.0,31.116574925877938,5.0,0,true
gaussian_0.5_-2.0_1.5_750_53.csv,2.0,36.88745738466357,5.0,0,true
gaussian_-0.5_2.0_2.5_100_21.csv,2.5,5.761091624691505,5.0,0,true
gaussian_0.5_2.5_-10.0_400_84.csv,10.0,65.35043387822525,5.0,0,true
gaussian_0.5_2.5_-5.5_400_84.csv,5.5,46.68652183691049,5.0,0,true
gaussian_-0.5_-3.0_-9.5_300_69.csv,9.5,40.925594591449595,5.0,0,true
gaussian_-0.5_4.0_5.5_350_18.csv,5.5,32.93014631181466,5.0,0,true
gaussian_-0.5_-5.0_-1.5_250_58.csv,5.0,0.0007573588900681411,5.0,0,true
gaussian_-0.5_-7.0_4.5_650_117.csv,7.0,3.9430021376191338,5.0,0,true
gaussian_-0.5_7.5_-4.5_750_150.csv,7.5,0.7789792430451198,5.0,0,true
gaussian_-0.5_9.0_0.0_400_68.csv,9.0,0.0,5.0,0,true
gaussian_-10.0_1.0_-7.0_350_63.csv,10.0,25312.115970083196,5.0,0,true
gaussian_-10.0_2.0_-7.5_300_60.csv,10.0,19049.26563872602,5.0,0,true
gaussian_10.0_-4.0_-5.5_100_14.csv,10.0,2914.30694279646,5.0,0,true
gaussian_-10.0_-5.0_-9.0_800_192.csv,10.0,27720.33973789693,5.0,0,true
gaussian_10.0_-6.5_3.5_550_121.csv,10.0,280.71909767536715,5.0,0,true
gaussian_10.0_7.5_1.0_100_18.csv,10.0,4.497292672840663e-35,5.0,0,true
gaussian_10.0_8.0_-8.0_400_76.csv,10.0,3852.876699355193,5.0,0,true
gaussian_10.0_-9.0_-1.5_950_57.csv,10.0,1.905394995507082e-11,5.0,0,true
gaussian_-10.0_9.5_0.0_1000_190.csv,10.0,0.0,5.0,0,true
gaussian_10.0_-9.5_2.5_150_38.csv,10.0,9.536641381741649e-6,5.0,0,true
gaussian_-1.0_-10.0_-0.5_400_84.csv,10.0,6.027051051378587e-223,5.0,0,true
gaussian_1.0_-1.5_-6.0_200_30.csv,6.0,122.62535850550992,5.0,0,true
gaussian_1.0_-1.5_6.5_450_81.csv,6.5,262.26433934817294,5.0,0,true
gaussian_-1.0_-2.0_8.0_450_99.csv,8.0,255.65783245950766,5.0,0,true
gaussian_-1.0_-2.5_5.0_750_135.csv,5.0,337.1378779203551,5.0,0,true
gaussian_1.0_5.0_-9.5_550_72.csv,9.5,254.8543416875496,5.0,0,true
gaussian_1.0_-7.5_-0.5_400_40.csv,7.5,2.6746635853693955e-147,5.0,0,true
gaussian_1.0_9.0_-1.5_250_15.csv,9.0,6.253984584694858e-19,5.0,0,true
gaussian_-1.0_9.0_-3.5_400_32.csv,9.0,0.07652313013651117,5.0,0,true
gaussian_-1.0_-9.0_-4.0_650_143.csv,9.0,1.5744930403292192,5.0,0,true
gaussian_-1.0_-9.0_-5.5_400_84.csv,9.0,4.1952340296675,5.0,0,true
gaussian_-1.0_9.0_9.5_100_13.csv,9.5,14.396676658617404,5.0,0,true
gaussian_1.5_0.0_8.5_800_152.csv,8.5,1306.5384642077806,5.0,0,true
gaussian_-1.5_0.5_-4.5_450_22.csv,4.5,825.3523143681058,5.0,0,true
gaussian_1.5_-0.5_-6.5_900_81.csv,6.5,1738.4652215606486,5.0,0,true
gaussian_-1.5_10.0_6.5_800_152.csv,10.0,18.325473245292073,5.0,0,true
gaussian_1.5_-1.0_10.0_500_120.csv,10.0,733.2011520794647,5.0,0,true
gaussian_1.5_-1.5_-2.0_850_212.csv,2.0,362.16935038029015,5.0,0,true
gaussian_1.5_2.0_2.5_550_94.csv,2.5,291.3452147018596,5.0,0,true
gaussian_-1.5_2.5_-3.5_600_36.csv,3.5,458.03717537654586,5.0,0,true
gaussian_-1.5_-2.5_6.5_650_98.csv,6.5,796.7229174163211,5.0,0,true
gaussian_1.5_-3.0_4.5_150_34.csv,4.5,95.30527107304815,5.0,0,true
gaussian_-1.5_5.0_-10.0_350_77.csv,10.0,308.94592103300283,5.0,0,true
gaussian_1.5_5.5_-5.5_600_96.csv,5.5,157.68208702499172,5.0,0,true
gaussian_1.5_-7.0_7.0_300_27.csv,7.0,120.66253780725543,5.0,0,true
gaussian_1.5_7.5_-7.0_300_48.csv,7.5,78.51654102396671,5.0,0,true
gaussian_-1.5_-9.0_0.0_900_171.csv,9.0,0.0,5.0,0,true
gaussian_1.5_9.0_6.0_800_56.csv,9.0,43.31060983080556,5.0,0,true
gaussian_-1.5_-9.5_-4.0_350_84.csv,9.5,0.8170266192856909,5.0,0,true
gaussian_2.0_-0.5_8.5_300_63.csv,8.5,801.7146272024831,5.0,0,true
gaussian_-2.0_10.0_7.5_800_176.csv,10.0,86.92626570258489,5.0,0,true
gaussian_-2.0_2.0_-9.0_600_84.csv,9.0,1644.6481826397799,5.0,0,true
gaussian_-2.0_-4.0_9.0_200_18.csv,9.0,472.6863639372401,5.0,0,true
gaussian_-2.0_5.0_7.5_150_15.csv,7.5,207.41763691647165,5.0,0,true
gaussian_2.0_-5.0_7.5_350_74.csv,7.5,376.9075650138937,5.0,0,true
gaussian_2.0_-6.0_5.5_250_22.csv,6.0,104.08269255674173,5.0,0,true
gaussian_-2.0_-6.0_-9.0_850_153.csv,9.0,1040.1696603271857,5.0,0,true
gaussian_2.0_6.5_10.0_950_228.csv,10.0,960.2842656401622,5.0,0,true
gaussian_-2.0_-7.5_6.0_400_64.csv,7.5,81.59009632700142,5.0,0,true
gaussian_2.5_0.5_-0.5_650_104.csv,2.5,671.4280643185629,5.0,0,true
gaussian_2.5_1.0_8.5_500_30.csv,8.5,2797.010306487354,5.0,0,true
gaussian_-2.5_-2.0_-0.5_150_21.csv,2.5,15.684931542494779,5.0,0,true
gaussian_-2.5_3.0_-5.0_100_16.csv,5.0,225.9098684769851,5.0,0,true
gaussian_-2.5_-3.0_6.0_900_207.csv,6.0,2284.8555045105263,5.0,0,true
gaussian_-2.5_-4.5_2.0_500_60.csv,4.5,105.96524245533789,5.0,0,true
gaussian_-2.5_-4.5_3.0_800_40.csv,4.5,387.40394994994574,5.0,0,true
gaussian_2.5_-5.5_2.5_300_69.csv,5.5,17.44785901941138,5.0,0,true
gaussian_-2.5_5.5_-2.5_900_153.csv,5.5,6.410032631692586,5.0,0,true
gaussian_2.5_6.0_-8.0_100_11.csv,8.0,168.93252034381626,5.0,0,true
gaussian_-2.5_6.5_10.0_550_110.csv,10.0,1017.7819229873082,5.0,0,true
gaussian_2.5_7.0_0.0_350_77.csv,7.0,0.0,5.0,0,true
gaussian_2.5_-7.0_-4.0_800_120.csv,7.0,50.50413589110641,5.0,0,true
gaussian_-2.5_-8.5_-2.5_100_6.csv,8.5,0.001935436668105654,5.0,0,true
gaussian_-2.5_8.5_3.5_500_65.csv,8.5,5.243367116418263,5.0,0,true
gaussian_2.5_-8.5_-5.5_100_12.csv,8.5,5.088516690602048,5.0,0,true
gaussian_2.5_-9.0_-6.5_900_63.csv,9.0,197.05926837737442,5.0,0,true
gaussian_-2.5_-9.5_2.5_500_105.csv,9.5,0.00013003753313364013,5.0,0,true
gaussian_2.5_9.5_-3.0_550_60.csv,9.5,0.17400848029943772,5.0,0,true
gaussian_-3.0_-1.5_-9.0_900_45.csv,9.0,6979.931137483982,5.0,0,true
gaussian_-3.0_-4.0_3.0_750_53.csv,4.0,1156.2544392050097,5.0,0,true
gaussian_3.0_-5.5_1.0_150_20.csv,5.5,9.09681760984559e-17,5.0,0,true
gaussian_3.0_5.5_5.0_300_21.csv,5.5,278.26426568521885,5.0,0,true
gaussian_3.0_-6.5_-1.5_650_136.csv,6.5,0.22430535539813568,5.0,0,true
gaussian_3.0_-7.5_3.0_250_32.csv,7.5,0.20125967735573524,5.0,0,true
gaussian_-3.0_8.5_-6.5_450_112.csv,8.5,125.38577964893392,5.0,0,true
gaussian_3.0_-9.0_1.0_950_171.csv,9.0,3.3819444843961505e-30,5.0,0,true
gaussian_3.0_9.0_9.0_200_10.csv,9.0,292.0765546184978,5.0,0,true
gaussian_3.5_0.5_3.0_700_133.csv,3.5,4629.264882125801,5.0,0,true
gaussian_3.5_0.5_-8.5_500_25.csv,8.5,5684.80587634196,5.0,0,true
gaussian_3.5_10.0_2.0_450_99.csv,10.0,2.3439881181595308e-9,5.0,0,true
gaussian_3.5_-1.0_-10.0_450_76.csv,10.0,4171.220500082264,5.0,0,true
gaussian_-3.5_-1.0_-1.0_250_35.csv,3.5,154.38008299414648,5.0,0,true
gaussian_3.5_1.0_8.5_350_35.csv,8.5,3388.472200973869,5.0,0,true
gaussian_3.5_-1.5_-3.5_250_38.csv,3.5,1593.7799187099665,5.0,0,true
gaussian_3.5_-2.0_5.0_650_111.csv,5.0,4409.058298078462,5.0,0,true
gaussian_-3.5_2.0_-5.5_850_212.csv,5.5,4530.694334645427,5.0,0,true
gaussian_-3.5_2.0_-9.5_1000_160.csv,9.5,8689.126146256707,5.0,0,true
gaussian_3.5_-3.0_3.0_950_228.csv,3.5,974.7072894391827,5.0,0,true
gaussian_-3.5_-3.0_-4.5_750_53.csv,4.5,3707.567462690819,5.0,0,true
gaussian_3.5_3.0_-7.5_600_60.csv,7.5,4641.304093557279,5.0,0,true
gaussian_3.5_4.0_6.0_550_44.csv,6.0,2551.247596223022,5.0,0,true
gaussian_-3.5_-5.5_8.0_500_35.csv,8.0,2181.2732059216305,5.0,0,true
gaussian_3.5_6.0_1.0_800_192.csv,6.0,1.7598911169944474e-6,5.0,0,true
gaussian_3.5_-6.0_-9.0_550_77.csv,9.0,2127.246512089009,5.0,0,true
gaussian_-3.5_-6.5_-3.0_900_180.csv,6.5,49.87033752384155,5.0,0,true
gaussian_-3.5_7.0_-9.5_300_27.csv,9.5,1137.8578826717435,5.0,0,true
gaussian_-3.5_-9.0_8.5_300_48.csv,9.0,317.75551062112436,5.0,0,true
gaussian_-4.0_0.0_10.0_600_150.csv,10.0,6574.123607024079,5.0,0,true
gaussian_4.0_10.0_-2.5_200_24.csv,10.0,1.8191042421997747e-7,5.0,0,true
gaussian_-4.0_1.0_-4.0_1000_210.csv,4.0,8977.095765482936,5.0,0,true
gaussian_4.0_-2.0_-0.5_350_60.csv,4.0,31.26926851591476,5.0,0,true
gaussian_-4.0_-3.0_6.5_750_150.csv,6.5,5533.171459475479,5.0,0,true
gaussian_-4.0_-4.0_-9.5_250_15.csv,9.5,2476.243524384248,5.0,0,true
gaussian_-4.0_5.0_-2.5_950_104.csv,5.0,13.410603285656688,5.0,0,true
gaussian_-4.0_6.0_0.0_650_156.csv,6.0,0.0,5.0,0,true
gaussian_4.0_-6.0_-3.5_350_74.csv,6.0,46.33214736024337,5.0,0,true
gaussian_4.0_-7.5_-3.0_600_108.csv,7.5,0.7281007947692335,5.0,0,true
gaussian_-4.0_7.5_-4.5_900_198.csv,7.5,75.10268901792817,5.0,0,true
gaussian_-4.0_-9.0_-6.5_150_26.csv,9.0,53.84442225068385,5.0,0,true
gaussian_4.0_-9.5_-5.0_650_104.csv,9.5,30.24854113255909,5.0,0,true
gaussian_-4.5_0.0_4.5_150_8.csv,4.5,2483.9326909805886,5.0,0,true
gaussian_-4.5_-0.5_-1.5_200_42.csv,4.5,1909.3236961381212,5.0,0,true
gaussian_-4.5_-2.0_-1.0_500_80.csv,4.5,686.4027778271239,5.0,0,true
gaussian_4.5_-2.5_8.0_550_55.csv,8.0,7128.54300041454,5.0,0,true
gaussian_4.5_2.5_-9.0_650_32.csv,9.0,10590.292245468883,5.0,0,true
gaussian_-4.5_-3.0_-7.0_300_18.csv,7.0,3714.37370413246,5.0,0,true
gaussian_-4.5_-5.5_1.5_950_124.csv,5.5,0.011067349588004673,5.0,0,true
gaussian_-4.5_-5.5_-4.5_650_46.csv,5.5,1669.9733363676053,5.0,0,true
gaussian_-4.5_-6.0_4.5_700_105.csv,6.0,417.6141409048621,5.0,0,true
gaussian_-4.5_-6.5_0.0_250_58.csv,6.5,0.0,5.0,0,true
gaussian_4.5_9.0_10.0_850_162.csv,10.0,2456.4241148505357,5.0,0,true
gaussian_4.5_9.5_-3.0_400_20.csv,9.5,0.034583637940955106,5.0,0,true
gaussian_5.0_-0.5_-3.0_300_33.csv,5.0,5790.240940207394,5.0,0,true
gaussian_-5.0_-0.5_8.0_1000_100.csv,8.0,18591.213898049627,5.0,0,true
gaussian_5.0_1.0_4.0_700_98.csv,5.0,9427.11181633361,5.0,0,true
gaussian_5.0_2.0_1.5_850_76.csv,5.0,4195.370896916142,5.0,0,true
gaussian_5.0_2.5_9.0_500_75.csv,9.0,8232.616811004902,5.0,0,true
gaussian_-5.0_-3.0_-7.5_700_126.csv,7.5,9055.587472411067,5.0,0,true
gaussian_-5.0_6.5_-8.5_400_100.csv,8.5,1964.4102131325683,5.0,0,true
gaussian_-5.0_8.0_-7.5_1000_80.csv,8.0,2496.115661191477,5.0,0,true
gaussian_5.0_-9.0_3.0_500_40.csv,9.0,0.21694455678364394,5.0,0,true
gaussian_-5.0_-9.5_-8.5_100_23.csv,9.5,141.0351304586976,5.0,0,true
gaussian_-5.5_0.5_-2.5_450_63.csv,5.5,5146.541378973306,5.0,0,true
gaussian_-5.5_-1.5_3.5_900_216.csv,5.5,7389.190040120176,5.0,0,true
gaussian_-5.5_3.0_4.5_550_28.csv,5.5,7063.0390237081,5.0,0,true
gaussian_-5.5_4.0_3.0_650_52.csv,5.5,1144.3800129953258,5.0,0,true
gaussian_5.5_-6.0_-6.0_1000_80.csv,6.0,4661.824803089749,5.0,0,true
gaussian_-5.5_-6.5_-4.0_600_138.csv,6.5,155.9776939046223,5.0,0,true
gaussian_-5.5_-7.5_9.5_150_34.csv,9.5,846.108185089079,5.0,0,true
gaussian_-5.5_9.0_-2.5_250_30.csv,9.0,0.0832898698773687,5.0,0,true
gaussian_-6.0_-1.5_-10.0_750_75.csv,10.0,22800.519055968758,5.0,0,true
gaussian_6.0_-3.0_1.0_650_32.csv,6.0,2476.9011049466794,5.0,0,true
gaussian_6.0_3.5_6.5_1000_90.csv,6.5,17779.95328111382,5.0,0,true
gaussian_-6.0_-4.0_-7.5_450_90.csv,7.5,6723.390024744149,5.0,0,true
gaussian_6.0_5.5_-4.5_850_128.csv,6.0,2513.67029856549,5.0,0,true
gaussian_6.0_-6.5_3.5_450_58.csv,6.5,22.97173685911523,5.0,0,true
gaussian_-6.0_7.0_3.0_350_32.csv,7.0,18.449278487785133,5.0,0,true
gaussian_6.0_7.0_-3.0_450_45.csv,7.0,67.48464308734641,5.0,0,true
gaussian_-6.0_8.5_-9.5_550_28.csv,9.5,4348.311530357353,5.0,0,true
gaussian_6.5_-0.5_0.5_400_68.csv,6.5,42.52835074250834,5.0,0,true
gaussian_-6.5_10.0_-0.5_650_111.csv,10.0,5.067147861265363e-124,5.0,0,true
gaussian_-6.5_-10.0_-2.5_700_126.csv,10.0,1.2973233620791286e-6,5.0,0,true
gaussian_-6.5_1.0_3.0_900_72.csv,6.5,18378.843629753585,5.0,0,true
gaussian_-6.5_-2.5_1.0_1000_110.csv,6.5,3169.865092019672,5.0,0,true
gaussian_-6.5_-2.5_5.5_700_126.csv,6.5,14043.989088339362,5.0,0,true
gaussian_6.5_3.5_-9.0_450_72.csv,9.0,11001.39499613932,5.0,0,true
gaussian_-6.5_4.0_8.0_150_22.csv,8.0,2988.46533294979,5.0,0,true
gaussian_6.5_5.0_-5.0_200_46.csv,6.5,851.3785084498505,5.0,0,true
gaussian_6.5_6.0_5.5_800_104.csv,6.5,4043.7722101125305,5.0,0,true
gaussian_6.5_-6.5_-5.5_800_160.csv,6.5,2030.017246354954,5.0,0,true
gaussian_-6.5_7.0_-10.0_800_120.csv,10.0,9896.130275622945,5.0,0,true
gaussian_6.5_8.0_-6.5_600_84.csv,8.0,1480.209017056825,5.0,0,true
gaussian_6.5_-8.5_-6.5_550_126.csv,8.5,525.5043850695562,5.0,0,true
gaussian_6.5_9.5_4.0_200_16.csv,9.5,0.8445429678784953,5.0,0,true
gaussian_7.0_0.0_-8.0_650_39.csv,8.0,26989.752154612517,5.0,0,true
gaussian_7.0_1.5_1.0_900_45.csv,7.0,7033.154052583857,5.0,0,true
gaussian_-7.0_-1.5_6.0_900_108.csv,7.0,29026.587154840363,5.0,0,true
gaussian_7.0_2.0_6.5_750_45.csv,7.0,25591.633056376366,5.0,0,true
gaussian_-7.0_-2.0_8.5_750_82.csv,8.5,26742.556508378642,5.0,0,true
gaussian_-7.0_-2.5_-2.0_400_32.csv,7.0,1194.3462457835967,5.0,0,true
gaussian_7.0_-3.0_0.5_1000_160.csv,7.0,8.969234174332866e-12,5.0,0,true
gaussian_-7.0_5.5_5.5_150_30.csv,7.0,677.5230817546332,5.0,0,true
gaussian_-7.0_5.5_-9.0_750_105.csv,9.0,13698.93036424686,5.0,0,true
gaussian_-7.0_-8.5_9.0_350_32.csv,9.0,2919.049652517969,5.0,0,true
gaussian_7.5_0.5_-4.5_250_40.csv,7.5,10902.917893387026,5.0,0,true
gaussian_-7.5_3.0_-9.5_500_120.csv,9.5,15179.785405046854,5.0,0,true
gaussian_7.5_-4.5_-2.0_350_56.csv,7.5,272.2169712627043,5.0,0,true
gaussian_7.5_-4.5_6.5_450_50.csv,7.5,8278.189118076558,5.0,0,true
gaussian_-7.5_4.5_-8.5_150_8.csv,8.5,4462.806887204347,5.0,0,true
gaussian_-7.5_5.0_10.0_1000_140.csv,10.0,28335.165407755412,5.0,0,true
gaussian_-7.5_-5.0_-8.5_800_64.csv,8.5,20041.722766895095,5.0,0,true
gaussian_-7.5_-5.5_-1.5_500_55.csv,7.5,2.3845466555926993e-5,5.0,0,true
gaussian_-7.5_-6.0_5.5_900_126.csv,7.5,5610.463869970472,5.0,0,true
gaussian_-7.5_-7.0_3.5_750_45.csv,7.5,557.1143580495287,5.0,0,true
gaussian_-7.5_-7.5_5.0_350_28.csv,7.5,772.3142519154277,5.0,0,true
gaussian_7.5_8.5_-8.5_600_30.csv,8.5,4564.151078427335,5.0,0,true
gaussian_7.5_9.5_5.0_350_56.csv,9.5,73.75029020456624,5.0,0,true
gaussian_-8.0_0.0_-7.0_150_20.csv,8.0,8107.459098499336,5.0,0,true
gaussian_-8.0_-2.0_0.0_900_126.csv,8.0,0.0,5.0,0,true
gaussian_-8.0_-2.5_-5.0_350_38.csv,8.0,11095.926295105359,5.0,0,true
gaussian_-8.0_-3.0_3.0_750_82.csv,8.0,9826.260578141892,5.0,0,true
gaussian_8.0_-3.5_5.5_150_11.csv,8.0,3853.9943451265553,5.0,0,true
gaussian_8.0_5.5_6.5_450_22.csv,8.0,6540.310281469493,5.0,0,true
gaussian_-8.0_-6.0_-3.0_100_10.csv,8.0,101.3292068578086,5.0,0,true
gaussian_8.0_7.0_2.5_1000_180.csv,8.0,0.06628610733870488,5.0,0,true
gaussian_8.0_8.5_-5.5_500_70.csv,8.5,405.9196878457998,5.0,0,true
gaussian_8.5_-10.0_2.0_950_48.csv,10.0,9.511864592569535e-15,5.0,0,true
gaussian_-8.5_1.0_-6.5_300_15.csv,8.5,18493.618054747632,5.0,0,true
gaussian_-8.5_-2.5_1.0_650_78.csv,8.5,2546.4057545909313,5.0,0,true
gaussian_-8.5_-2.5_1.5_300_60.csv,8.5,472.76940115975975,5.0,0,true
gaussian_-8.5_4.5_1.0_450_32.csv,8.5,2.258050126236629e-8,5.0,0,true
gaussian_8.5_4.5_-1.5_750_180.csv,8.5,22.530607818211642,5.0,0,true
gaussian_8.5_-6.0_-7.0_100_7.csv,8.5,1576.0663941103912,5.0,0,true
gaussian_8.5_7.5_-0.5_1000_210.csv,8.5,4.112822771108645e-145,5.0,0,true
gaussian_-8.5_-7.5_-8.0_200_48.csv,8.5,1653.7893760697384,5.0,0,true
gaussian_8.5_-8.0_-3.5_550_104.csv,8.5,50.00628770033266,5.0,0,true
gaussian_-8.5_-8.0_-7.0_750_150.csv,8.5,2855.436943985405,5.0,0,true
gaussian_-8.5_-9.0_0.5_100_10.csv,9.0,4.169345301544106e-169,5.0,0,true
gaussian_-8.5_-9.5_7.5_850_110.csv,9.5,2192.9405673854044,5.0,0,true
gaussian_9.0_0.5_-3.5_450_36.csv,9.0,30263.84317042442,5.0,0,true
gaussian_9.0_0.5_9.0_950_86.csv,9.0,60192.84230950532,5.0,0,true
gaussian_-9.0_10.0_-10.0_800_104.csv,10.0,7233.115351295279,5.0,0,true
gaussian_9.0_1.0_-10.0_200_46.csv,10.0,11889.961052430717,5.0,0,true
gaussian_-9.0_-1.5_1.0_300_33.csv,9.0,1433.582983890857,5.0,0,true
gaussian_9.0_1.5_-1.0_600_120.csv,9.0,919.308581168532,5.0,0,true
gaussian_9.0_-2.5_4.5_1000_100.csv,9.0,36751.92573135077,5.0,0,true
gaussian_-9.0_-2.5_4.5_350_88.csv,9.0,10007.079432126971,5.0,0,true
gaussian_9.0_3.0_-5.0_150_20.csv,9.0,4698.228307261421,5.0,0,true
gaussian_-9.0_-4.0_-8.5_550_116.csv,9.0,20353.715428229945,5.0,0,true
gaussian_9.0_5.0_3.0_900_54.csv,9.0,2695.76523869643,5.0,0,true
gaussian_9.0_6.0_-7.0_300_21.csv,9.0,5706.127934455223,5.0,0,true
gaussian_-9.0_-7.0_0.0_600_30.csv,9.0,0.0,5.0,0,true
gaussian_-9.0_-9.5_-0.5_1000_200.csv,9.5,2.8127429469880778e-145,5.0,0,true
gaussian_9.5_3.0_1.5_450_86.csv,9.5,2187.418971675972,5.0,0,true
gaussian_-9.5_3.0_3.5_900_162.csv,9.5,13768.40894872452,5.0,0,true
gaussian_9.5_-4.5_-0.5_900_72.csv,9.5,8.685407177731589,5.0,0,true
gaussian_9.5_-5.0_-5.0_300_75.csv,9.5,2241.5998067318096,5.0,0,true
gaussian_9.5_-6.0_0.0_800_48.csv,9.5,0.0,5.0,0,true
gaussian_-9.5_6.0_3.0_300_75.csv,9.5,22.247701972558247,5.0,0,true
gaussian_-9.5_-6.5_-1.5_100_17.csv,9.5,0.004660033424895496,5.0,0,true
gaussian_-9.5_8.5_2.0_600_114.csv,9.5,1.0226469342734432e-6,5.0,0,true
gaussian_-9.5_9.5_3.0_100_22.csv,9.5,0.00010557407319118311,5.0,0,true
log_0.0_0.0_6.0_850_76.csv,6.0,NaN,5.0,0,false
log_0.0_0.5_-0.5_350_38.csv,0.5,NaN,5.0,0,false
log_0.0_-1.5_2.5_800_168.csv,2.5,NaN,5.0,0,false
log_0.0_4.5_-7.5_200_30.csv,7.5,NaN,5.0,0,false
log_0.0_-6.0_0.5_800_192.csv,6.0,NaN,5.0,0,false
log_0.0_-8.5_-8.5_1000_50.csv,8.5,NaN,5.0,0,false
log_0.0_-9.0_-6.0_450_86.csv,9.0,NaN,5.0,0,false
log_0.0_9.5_7.0_750_105.csv,9.5,NaN,5.0,0,false
log_0.5_10.0_-5.0_300_24.csv,10.0,NaN,5.0,0,false
log_-0.5_-1.5_2.5_100_24.csv,2.5,NaN,5.0,0,false
log_-0.5_3.0_-3.5_950_218.csv,3.5,NaN,5.0,0,false
log_0.5_-4.0_-5.0_600_48.csv,5.0,NaN,5.0,0,false
log_0.5_4.0_-6.5_200_18.csv,6.5,NaN,5.0,0,false
log_0.5_-5.0_7.5_300_72.csv,7.5,NaN,5.0,0,false
log_-0.5_-5.0_8.5_700_98.csv,8.5,NaN,5.0,0,false
log_0.5_5.5_2.0_350_42.csv,5.5,NaN,5.0,0,false
log_-0.5_7.0_-3.5_750_135.csv,7.0,NaN,5.0,0,false
log_-0.5_-7.0_-5.0_500_110.csv,7.0,NaN,5.0,0,false
log_0.5_-8.0_10.0_750_105.csv,10.0,NaN,5.0,0,false
log_0.5_9.0_-7.0_450_68.csv,9.0,NaN,5.0,0,false
log_-10.0_1.0_8.0_100_7.csv,10.0,NaN,5.0,0,false
log_-10.0_-1.5_10.0_650_78.csv,10.0,NaN,5.0,0,false
log_-10.0_2.0_6.0_750_158.csv,10.0,NaN,5.0,0,false
log_-10.0_2.5_-4.0_100_8.csv,10.0,NaN,5.0,0,false
log_-10.0_4.0_10.0_300_15.csv,10.0,NaN,5.0,0,false
log_10.0_4.5_-7.5_900_198.csv,10.0,NaN,5.0,0,false
log_-10.0_5.0_-2.5_700_91.csv,10.0,NaN,5.0,0,false
log_1.0_-0.5_-5.0_450_81.csv,5.0,NaN,5.0,0,false
log_-1.0_-0.5_-5.5_750_98.csv,5.5,NaN,5.0,0,false
log_-10.0_6.5_2.5_500_60.csv,10.0,NaN,5.0,0,false
log_-10.0_8.0_3.0_1000_180.csv,10.0,NaN,5.0,0,false
log_1.0_1.5_7.5_300_24.csv,7.5,NaN,5.0,0,false
log_1.0_2.5_-5.5_350_25.csv,5.5,NaN,5.0,0,false
log_1.0_3.5_10.0_150_36.csv,10.0,NaN,5.0,0,false
log_-1.0_4.5_-7.0_950_76.csv,7.0,NaN,5.0,0,false
log_-1.0_-5.0_-6.0_550_94.csv,6.0,NaN,5.0,0,false
log_1.0_7.0_8.5_500_55.csv,8.5,NaN,5.0,0,false
log_1.0_8.5_4.0_450_94.csv,8.5,NaN,5.0,0,false
log_1.0_9.0_-3.5_100_16.csv,9.0,NaN,5.0,0,false
log_1.0_9.5_-0.5_750_60.csv,9.5,NaN,5.0,0,false
log_1.0_9.5_3.0_950_114.csv,9.5,NaN,5.0,0,false
log_1.5_0.0_8.5_350_88.csv,8.5,NaN,5.0,0,false
log_1.5_-0.5_-9.0_350_66.csv,9.0,NaN,5.0,0,false
log_-1.5_10.0_6.0_550_50.csv,10.0,NaN,5.0,0,false
log_1.5_-1.0_6.5_500_40.csv,6.5,NaN,5.0,0,false
log_1.5_-1.5_6.5_200_48.csv,6.5,NaN,5.0,0,false
log_1.5_-1.5_-8.0_450_32.csv,8.0,NaN,5.0,0,false
log_-1.5_-2.0_-2.5_100_18.csv,2.5,NaN,5.0,0,false
log_1.5_-3.5_6.0_600_30.csv,6.0,NaN,5.0,0,false
log_-1.5_-6.0_7.0_350_74.csv,7.0,NaN,5.0,0,false
log_-1.5_6.0_-8.0_800_152.csv,8.0,NaN,5.0,0,false
log_1.5_6.5_-4.0_700_35.csv,6.5,NaN,5.0,0,false
log_-1.5_6.5_6.0_100_20.csv,6.5,NaN,5.0,0,false
log_-1.5_-8.0_10.0_400_68.csv,10.0,NaN,5.0,0,false
log_-1.5_9.0_10.0_400_20.csv,10.0,NaN,5.0,0,false
log_-1.5_-9.5_10.0_500_100.csv,10.0,NaN,5.0,0,false
log_-2.0_0.0_9.5_850_76.csv,9.5,NaN,5.0,0,false
log_2.0_-2.0_7.5_900_45.csv,7.5,NaN,5.0,0,false
log_-2.0_3.5_-1.5_200_28.csv,3.5,NaN,5.0,0,false
log_-2.0_3.5_-7.5_1000_250.csv,7.5,NaN,5.0,0,false
log_2.0_-4.5_5.5_1000_170.csv,5.5,NaN,5.0,0,false
log_2.0_5.5_-2.5_250_48.csv,5.5,NaN,5.0,0,false
log_-2.0_-6.5_-2.5_350_84.csv,6.5,NaN,5.0,0,false
log_-2.0_-6.5_8.0_100_16.csv,8.0,NaN,5.0,0,false
log_-2.0_-6.5_-9.5_250_38.csv,9.5,NaN,5.0,0,false
log_2.0_7.5_2.0_950_238.csv,7.5,NaN,5.0,0,false
log_-2.0_-7.5_6.5_450_50.csv,7.5,NaN,5.0,0,false
log_2.0_8.0_-2.0_150_27.csv,8.0,NaN,5.0,0,false
log_2.0_8.0_6.5_100_18.csv,8.0,NaN,5.0,0,false
log_2.0_8.5_1.0_400_80.csv,8.5,NaN,5.0,0,false
log_-2.5_-1.0_0.0_850_119.csv,2.5,NaN,5.0,0,false
log_-2.5_-10.0_9.5_750_98.csv,10.0,NaN,5.0,0,false
log_2.5_-1.5_1.0_750_128.csv,2.5,NaN,5.0,0,false
log_2.5_-2.0_0.0_300_24.csv,2.5,NaN,5.0,0,false
log_-2.5_-2.0_-7.5_900_90.csv,7.5,NaN,5.0,0,false
log_-2.5_3.0_6.0_600_66.csv,6.0,NaN,5.0,0,false
log_2.5_3.5_-8.5_200_28.csv,8.5,NaN,5.0,0,false
log_2.5_6.0_-4.0_500_65.csv,6.0,NaN,5.0,0,false
log_2.5_6.5_-10.0_300_36.csv,10.0,NaN,5.0,0,false
log_-2.5_-7.5_-10.0_400_80.csv,10.0,NaN,5.0,0,false
log_2.5_-7.5_-2.0_1000_230.csv,7.5,NaN,5.0,0,false
log_2.5_-8.5_3.5_550_132.csv,8.5,NaN,5.0,0,false
log_2.5_-9.0_-3.5_200_12.csv,9.0,NaN,5.0,0,false
log_-2.5_-9.0_7.0_250_45.csv,9.0,NaN,5.0,0,false
log_-2.5_9.0_7.5_800_56.csv,9.0,NaN,5.0,0,false
log_-3.0_0.5_-0.5_1000_230.csv,3.0,NaN,5.0,0,false
log_-3.0_10.0_-7.0_750_45.csv,10.0,NaN,5.0,0,false
log_-3.0_2.0_8.5_800_128.csv,8.5,NaN,5.0,0,false
log_3.0_-3.0_-4.5_450_81.csv,4.5,NaN,5.0,0,false
log_3.0_-4.0_0.5_200_38.csv,4.0,NaN,5.0,0,false
log_3.0_5.5_-4.5_350_32.csv,5.5,NaN,5.0,0,false
log_-3.0_6.0_6.5_200_34.csv,6.5,NaN,5.0,0,false
log_-3.0_-7.5_-6.5_100_7.csv,7.5,NaN,5.0,0,false
log_3.0_-8.5_-3.5_950_124.csv,8.5,NaN,5.0,0,false
log_-3.0_-8.5_8.5_350_42.csv,8.5,NaN,5.0,0,false
log_3.5_1.0_-1.5_300_45.csv,3.5,NaN,5.0,0,false
log_3.5_-1.0_3.0_350_21.csv,3.5,NaN,5.0,0,false
log_-3.5_1.5_-6.0_800_104.csv,6.0,NaN,5.0,0,false
log_-3.5_-5.0_4.0_150_32.csv,5.0,NaN,5.0,0,false
log_-3.5_-5.0_-4.0_500_60.csv,5.0,NaN,5.0,0,false
log_3.5_6.5_6.0_150_26.csv,6.5,NaN,5.0,0,false
log_3.5_-7.0_-7.5_950_57.csv,7.5,NaN,5.0,0,false
log_-3.5_-7.0_-8.5_350_18.csv,8.5,NaN,5.0,0,false
log_-3.5_-8.5_5.0_900_225.csv,8.5,NaN,5.0,0,false
log_-3.5_-9.0_0.5_800_136.csv,9.0,NaN,5.0,0,false
log_-3.5_9.5_6.5_150_36.csv,9.5,NaN,5.0,0,false
log_4.0_1.5_7.5_600_66.csv,7.5,NaN,5.0,0,false
log_-4.0_-2.5_0.0_200_36.csv,4.0,NaN,5.0,0,false
log_4.0_2.5_3.5_600_42.csv,4.0,NaN,5.0,0,false
log_4.0_-3.5_-9.0_750_188.csv,9.0,NaN,5.0,0,false
log_-4.0_-4.5_-6.5_100_25.csv,6.5,NaN,5.0,0,false
log_-4.0_-5.0_-0.5_900_216.csv,5.0,NaN,5.0,0,false
log_-4.5_0.5_7.0_150_36.csv,7.0,NaN,5.0,0,false
log_-4.5_-1.0_-2.0_450_76.csv,4.5,NaN,5.0,0,false
log_4.5_-1.0_-5.5_800_112.csv,5.5,NaN,5.0,0,false
log_4.5_-3.0_-4.5_1000_180.csv,4.5,NaN,5.0,0,false
log_4.5_3.0_8.5_700_126.csv,8.5,NaN,5.0,0,false
log_-4.5_3.5_-8.5_100_23.csv,8.5,NaN,5.0,0,false
log_-4.5_-3.5_9.5_750_172.csv,9.5,NaN,5.0,0,false
log_-4.5_4.0_-3.5_450_72.csv,4.5,NaN,5.0,0,false
log_-4.5_-5.0_9.0_850_102.csv,9.0,NaN,5.0,0,false
log_-4.5_5.5_5.0_150_21.csv,5.5,NaN,5.0,0,false
log_4.5_-6.5_4.0_650_98.csv,6.5,NaN,5.0,0,false
log_-4.5_-7.5_-5.0_300_15.csv,7.5,NaN,5.0,0,false
log_4.5_7.5_-8.0_650_91.csv,8.0,NaN,5.0,0,false
log_4.5_9.5_-3.5_250_30.csv,9.5,NaN,5.0,0,false
log_5.0_1.5_4.5_350_35.csv,5.0,NaN,5.0,0,false
log_5.0_3.0_-2.5_1000_120.csv,5.0,NaN,5.0,0,false
log_-5.0_3.5_-6.5_450_90.csv,6.5,NaN,5.0,0,false
log_-5.0_5.5_-2.5_150_26.csv,5.5,NaN,5.0,0,false
log_-5.0_6.0_-7.5_700_56.csv,7.5,NaN,5.0,0,false
log_5.0_6.5_-3.0_1000_140.csv,6.5,NaN,5.0,0,false
log_-5.0_7.0_9.5_700_147.csv,9.5,NaN,5.0,0,false
log_5.0_8.5_6.5_500_65.csv,8.5,NaN,5.0,0,false
log_5.0_-9.0_3.0_300_54.csv,9.0,NaN,5.0,0,false
log_-5.0_-9.5_-5.5_700_91.csv,9.5,NaN,5.0,0,false
log_-5.5_-1.5_8.5_850_162.csv,8.5,NaN,5.0,0,false
log_5.5_-2.0_-10.0_350_63.csv,10.0,NaN,5.0,0,false
log_-5.5_2.0_8.5_900_198.csv,8.5,NaN,5.0,0,false
log_-5.5_-3.0_-10.0_400_88.csv,10.0,NaN,5.0,0,false
log_5.5_-3.0_5.0_1000_80.csv,5.5,NaN,5.0,0,false
log_5.5_4.0_0.5_1000_250.csv,5.5,NaN,5.0,0,false
log_5.5_-4.0_-6.0_950_114.csv,6.0,NaN,5.0,0,false
log_5.5_-4.5_-1.0_200_34.csv,5.5,NaN,5.0,0,false
log_5.5_-5.5_7.0_500_60.csv,7.0,NaN,5.0,0,false
log_5.5_-7.0_3.0_650_130.csv,7.0,NaN,5.0,0,false
log_-5.5_-7.5_9.0_1000_120.csv,9.0,NaN,5.0,0,false
log_-5.5_-8.0_-7.0_1000_160.csv,8.0,NaN,5.0,0,false
log_-6.0_10.0_-7.5_300_36.csv,10.0,NaN,5.0,0,false
log_6.0_1.5_3.5_150_16.csv,6.0,NaN,5.0,0,false
log_-6.0_-2.5_-4.5_800_72.csv,6.0,NaN,5.0,0,false
log_-6.0_3.0_0.5_100_22.csv,6.0,NaN,5.0,0,false
log_6.0_3.0_0.5_750_158.csv,6.0,NaN,5.0,0,false
log_6.0_3.0_-7.0_850_76.csv,7.0,NaN,5.0,0,false
log_-6.0_5.5_-2.5_750_105.csv,6.0,NaN,5.0,0,false
log_6.0_6.0_3.5_450_86.csv,6.0,NaN,5.0,0,false
log_-6.0_6.5_6.0_650_46.csv,6.5,NaN,5.0,0,false
log_-6.0_-7.0_2.5_800_96.csv,7.0,NaN,5.0,0,false
log_-6.0_-7.0_9.0_100_8.csv,9.0,NaN,5.0,0,false
log_-6.0_7.5_10.0_950_218.csv,10.0,NaN,5.0,0,false
log_-6.0_-8.5_1.0_450_22.csv,8.5,NaN,5.0,0,false
log_-6.0_-8.5_7.5_400_24.csv,8.5,NaN,5.0,0,false
log_6.5_-0.5_4.5_300_39.csv,6.5,NaN,5.0,0,false
log_6.5_-1.0_1.5_650_162.csv,6.5,NaN,5.0,0,false
log_6.5_3.0_3.0_900_81.csv,6.5,NaN,5.0,0,false
log_-6.5_-4.5_7.0_200_36.csv,7.0,NaN,5.0,0,false
log_6.5_-5.0_3.5_850_170.csv,6.5,NaN,5.0,0,false
log_6.5_-5.5_0.0_1000_80.csv,6.5,NaN,5.0,0,false
log_-6.5_-5.5_-4.5_1000_120.csv,6.5,NaN,5.0,0,false
log_6.5_-6.5_-10.0_450_40.csv,10.0,NaN,5.0,0,false
log_-6.5_6.5_-10.0_650_65.csv,10.0,NaN,5.0,0,false
log_6.5_-8.0_-4.0_550_110.csv,8.0,NaN,5.0,0,false
log_6.5_-8.5_4.0_100_12.csv,8.5,NaN,5.0,0,false
log_6.5_-9.5_-0.5_100_17.csv,9.5,NaN,5.0,0,false
log_-7.0_-0.5_8.5_200_36.csv,8.5,NaN,5.0,0,false
log_7.0_2.0_-9.5_200_44.csv,9.5,NaN,5.0,0,false
log_7.0_-4.5_-9.0_450_40.csv,9.0,NaN,5.0,0,false
log_7.0_6.0_-9.0_450_27.csv,9.0,NaN,5.0,0,false
log_7.0_-6.5_2.5_450_36.csv,7.0,NaN,5.0,0,false
log_-7.0_6.5_5.5_800_40.csv,7.0,NaN,5.0,0,false
log_7.0_6.5_7.0_700_105.csv,7.0,NaN,5.0,0,false
log_7.0_-7.5_6.0_950_86.csv,7.5,NaN,5.0,0,false
log_-7.0_-9.5_-3.0_900_135.csv,9.5,NaN,5.0,0,false
log_-7.0_9.5_-5.5_400_80.csv,9.5,NaN,5.0,0,false
log_-7.0_9.5_-9.0_450_76.csv,9.5,NaN,5.0,0,false
log_-7.5_-10.0_-5.0_300_75.csv,10.0,NaN,5.0,0,false
log_7.5_-1.5_9.0_350_60.csv,9.0,NaN,5.0,0,false
log_-7.5_1.5_9.0_450_50.csv,9.0,NaN,5.0,0,false
log_7.5_-3.5_-6.0_750_128.csv,7.5,NaN,5.0,0,false
log_-7.5_-4.5_-4.0_400_92.csv,7.5,NaN,5.0,0,false
log_-7.5_-6.0_5.0_300_66.csv,7.5,NaN,5.0,0,false
log_-7.5_6.0_5.0_850_196.csv,7.5,NaN,5.0,0,false
log_7.5_-6.5_-6.5_650_78.csv,7.5,NaN,5.0,0,false
log_7.5_8.5_2.5_900_198.csv,8.5,NaN,5.0,0,false
log_-7.5_9.5_-5.0_500_125.csv,9.5,NaN,5.0,0,false
log_8.0_-10.0_-5.5_150_38.csv,10.0,NaN,5.0,0,false
log_8.0_10.0_7.0_550_28.csv,10.0,NaN,5.0,0,false
log_8.0_2.5_7.5_950_76.csv,8.0,NaN,5.0,0,false
log_-8.0_4.5_3.5_700_161.csv,8.0,NaN,5.0,0,false
log_8.0_4.5_-4.5_100_18.csv,8.0,NaN,5.0,0,false
log_-8.0_-9.0_-5.0_450_108.csv,9.0,NaN,5.0,0,false
log_-8.0_9.5_3.5_350_56.csv,9.5,NaN,5.0,0,false
log_8.0_-9.5_-4.5_200_36.csv,9.5,NaN,5.0,0,false
log_8.0_9.5_-5.0_700_63.csv,9.5,NaN,5.0,0,false
log_8.5_0.5_-1.0_1000_130.csv,8.5,NaN,5.0,0,false
log_-8.5_-10.0_1.0_250_20.csv,10.0,NaN,5.0,0,false
log_-8.5_-10.0_-2.0_750_180.csv,10.0,NaN,5.0,0,false
log_8.5_-1.0_5.5_800_192.csv,8.5,NaN,5.0,0,false
log_-8.5_1.0_-7.5_950_180.csv,8.5,NaN,5.0,0,false
log_8.5_2.0_8.0_400_20.csv,8.5,NaN,5.0,0,false
log_8.5_-2.5_-3.5_100_7.csv,8.5,NaN,5.0,0,false
log_-8.5_-3.0_9.5_300_21.csv,9.5,NaN,5.0,0,false
log_-8.5_-4.0_-1.0_400_88.csv,8.5,NaN,5.0,0,false
log_-8.5_4.0_8.5_300_30.csv,8.5,NaN,5.0,0,false
log_8.5_4.5_6.5_850_42.csv,8.5,NaN,5.0,0,false
log_8.5_-5.0_-9.0_1000_60.csv,9.0,NaN,5.0,0,false
log_8.5_5.5_5.5_1000_160.csv,8.5,NaN,5.0,0,false
log_8.5_6.5_-2.0_350_52.csv,8.5,NaN,5.0,0,false
log_-8.5_-6.5_4.0_950_76.csv,8.5,NaN,5.0,0,false
log_8.5_8.0_-0.5_350_35.csv,8.5,NaN,5.0,0,false
log_-8.5_-8.5_-0.5_250_45.csv,8.5,NaN,5.0,0,false
log_-8.5_-8.5_-7.5_200_10.csv,8.5,NaN,5.0,0,false
log_8.5_9.5_-3.5_600_138.csv,9.5,NaN,5.0,0,false
log_-9.0_0.5_5.0_250_62.csv,9.0,NaN,5.0,0,false
log_9.0_1.0_-0.5_700_63.csv,9.0,NaN,5.0,0,false
log_-9.0_-1.0_6.5_300_57.csv,9.0,NaN,5.0,0,false
log_9.0_-2.5_-1.5_450_104.csv,9.0,NaN,5.0,0,false
log_-9.0_-2.5_4.0_300_69.csv,9.0,NaN,5.0,0,false
log_-9.0_3.0_10.0_700_35.csv,10.0,NaN,5.0,0,false
log_9.0_3.0_-4.0_650_91.csv,9.0,NaN,5.0,0,false
log_-9.0_3.0_9.0_200_12.csv,9.0,NaN,5.0,0,false
log_9.0_-5.0_6.5_1000_120.csv,9.0,NaN,5.0,0,false
log_9.0_-6.5_-4.0_550_33.csv,9.0,NaN,5.0,0,false
log_9.0_7.0_-4.5_950_162.csv,9.0,NaN,5.0,0,false
log_-9.0_-8.0_-7.5_950_162.csv,9.0,NaN,5.0,0,false
log_9.0_9.0_10.0_200_34.csv,10.0,NaN,5.0,0,false
log_9.5_1.0_-0.5_950_180.csv,9.5,NaN,5.0,0,false
log_-9.5_1.5_3.0_100_7.csv,9.5,NaN,5.0,0,false
log_9.5_2.0_-9.0_400_80.csv,9.5,NaN,5.0,0,false
log_-9.5_-3.0_-10.0_700_105.csv,10.0,NaN,5.0,0,false
log_9.5_3.0_-4.0_750_120.csv,9.5,NaN,5.0,0,false
log_9.5_-3.5_4.0_350_28.csv,9.5,NaN,5.0,0,false
log_9.5_3.5_5.0_700_126.csv,9.5,NaN,5.0,0,false
log_-9.5_-4.5_-3.5_700_63.csv,9.5,NaN,5.0,0,false
log_-9.5_6.0_4.0_450_58.csv,9.5,NaN,5.0,0,false
log_9.5_6.5_4.0_400_76.csv,9.5,NaN,5.0,0,false
log_-9.5_6.5_-8.0_300_36.csv,9.5,NaN,5.0,0,false
log_-9.5_7.0_-6.5_100_5.csv,9.5,NaN,5.0,0,false
log_9.5_-7.5_4.5_200_12.csv,9.5,NaN,5.0,0,false
log_-9.5_8.0_-9.5_150_14.csv,9.5,NaN,5.0,0,false
parabola_0.0_1.0_8.5_700_126.csv,8.508562967524114e-7,2.7234497363961335e-9,269.0,146,true
parabola_0.0_3.5_-1.5_1000_60.csv,2.416235431734748e-7,4.082882987346495e-10,239.0,128,true
parabola_0.0_-5.0_-9.0_3.csv,1.4986752851209207e-5,2.1407103115811418e-9,270.0,148,true
parabola_0.0_-7.0_7.5_1000_100.csv,3.737589187480239e-6,6.106366630550728e-9,267.0,143,true
parabola_0.0_7.5_-10.0_450_27.csv,8.721559958806411e-7,1.6219085057695649e-9,273.0,150,true
parabola_0.5_-0.5_-2.5_950_95.csv,6.022473327149669e-6,1.6280283874602786e-8,193.0,103,true
parabola_-0.5_10.0_-2.0_450_112.csv,2.3579798558159837e-6,2.777910440025196e-9,273.0,145,true
parabola_-0.5_10.0_-4.0_1000_110.csv,1.0346623624535312e-6,2.0684929331468517e-9,268.0,143,true
parabola_0.5_-1.5_-4.5_1000_80.csv,2.1286310492030225e-6,1.5154227016370815e-8,244.0,134,true
parabola_0.5_2.0_0.5_650_162.csv,1.965110962565131e-6,1.2478102857918266e-8,209.0,113,true
parabola_0.5_4.5_-2.5_250_58.csv,1.6894472251394177e-5,2.4578006534138357e-8,242.0,132,true
parabola_-0.5_5.0_-9.5_500_45.csv,3.989478685184622e-6,2.563946281497925e-9,367.0,195,true
parabola_0.5_-6.0_-8.5_800_72.csv,1.2963567188606362e-6,4.201528444617327e-9,289.0,158,true
parabola_0.5_-8.0_-4.5_100_5.csv,2.3640575792960306e-5,2.371534264265266e-8,277.0,150,true
parabola_-0.5_-9.0_0.0_650_143.csv,4.512215832318326e-6,1.1082369337301134e-8,284.0,154,true
parabola_-0.5_-9.0_9.5_550_44.csv,1.3573466244309884e-6,1.0177261180719884e-9,277.0,150,true
parabola_0.5_9.5_-8.0_900_207.csv,4.2521981509224815e-6,1.980933184316673e-9,274.0,147,true
parabola_10.0_-0.5_0.5_850_76.csv,1.17917074016205e-6,2.2886854528201607e-9,367.0,200,true
parabola_10.0_-0.5_-4.5_400_48.csv,2.112066148640679e-6,6.650545199809639e-9,302.0,162,true
parabola_-10.0_-0.5_-8.5_550_104.csv,3.2187226910451727e-6,1.4612557682734672e-8,359.0,189,true
parabola_-1.0_0.0_6.0_950_200.csv,1.5247568132537026e-6,2.572468341542956e-9,249.0,137,true
parabola_-10.0_1.0_1.0_350_84.csv,8.858383976573236e-6,4.592084579521601e-9,281.0,156,true
parabola_-10.0_-5.0_-10.0_900_117.csv,2.173970298002814e-6,1.9406740737592545e-9,306.0,165,true
parabola_-10.0_5.0_-2.5_250_55.csv,3.917310065659763e-6,3.7095395714348787e-9,281.0,151,true
parabola_10.0_8.0_-6.0_800_40.csv,8.327886632741865e-6,8.653597069762856e-9,289.0,156,true
parabola_-10.0_-9.5_3.5_750_53.csv,5.594404210995663e-7,1.5701193673704255e-9,338.0,186,true
parabola_1.0_-1.5_3.0_500_80.csv,6.5411641481105676e-6,1.0469906684680943e-8,235.0,127,true
parabola_1.0_1.5_7.5_300_72.csv,2.3070992440921145e-6,6.361397456407242e-9,290.0,154,true
parabola_-1.0_2.0_-3.0_250_30.csv,5.291715774013994e-6,3.043765025196911e-9,253.0,134,true
parabola_1.0_-2.5_2.0_800_136.csv,1.1798275449947937e-6,6.511133280174492e-10,262.0,144,true
parabola_-1.0_-3.5_-3.5_500_100.csv,7.760479790119845e-6,7.687518137682854e-9,271.0,151,true
parabola_1.0_4.0_2.5_450_54.csv,4.96321047638304e-6,4.545780437691678e-9,276.0,150,true
parabola_-1.0_4.0_-5.5_250_18.csv,3.400487059934676e-6,4.80807890391607e-9,280.0,153,true
parabola_-1.0_4.0_9.0_900_45.csv,7.25162428105719e-7,9.206798545340457e-10,288.0,154,true
parabola_1.0_-5.0_-3.0_650_32.csv,1.9139601605822065e-6,3.0325263288223906e-9,237.0,126,true
parabola_1.0_-5.5_8.0_600_60.csv,2.1429384799986906e-6,5.264562601558328e-9,295.0,163,true
parabola_1.0_-7.0_3.0_1000_130.csv,5.360078976224258e-7,1.4673422556608022e-9,278.0,157,true
parabola_1.0_-8.5_-6.5_350_66.csv,1.0250486681684379e-6,2.3308738099801564e-9,283.0,154,true
parabola_1.0_-9.0_-8.5_650_117.csv,1.0793893814309286e-6,1.0282129920069594e-9,268.0,146,true
parabola_1.0_9.5_-1.0_100_14.csv,7.930947872103467e-6,1.441176490506929e-9,247.0,135,true
parabola_1.5_0.5_0.0_150_20.csv,4.118679873932329e-6,1.2010161816582323e-8,269.0,141,true
parabola_-1.5_10.0_10.0_350_25.csv,3.38974379054946e-6,3.524983531546388e-9,258.0,140,true
parabola_-1.5_-1.0_-2.5_450_50.csv,7.461077540238392e-7,1.2247047653371327e-9,277.0,153,true
parabola_-1.5_-1.5_-3.5_500_35.csv,5.333351582592627e-6,1.1800316669353995e-8,252.0,136,true
parabola_-1.5_1.5_-6.5_250_62.csv,4.354739528089624e-6,6.0113380817037735e-9,335.0,183,true
parabola_1.5_3.0_9.5_950_180.csv,8.022591480028041e-7,3.628141239744001e-9,308.0,165,true
parabola_-1.5_4.5_8.0_500_85.csv,2.034107629000914e-6,3.0975722101396655e-9,346.0,186,true
parabola_-1.5_5.5_10.0_950_171.csv,4.9499618732795625e-6,1.266486984341753e-8,226.0,118,true
parabola_-1.5_6.0_8.0_650_52.csv,4.095678722393359e-6,4.013425672792633e-9,278.0,155,true
parabola_1.5_-6.5_6.5_200_24.csv,5.54177798472999e-6,1.2057013884599253e-8,248.0,135,true
parabola_1.5_7.0_3.5_200_32.csv,1.0615191849083772e-5,1.3187407401533752e-8,229.0,123,true
parabola_1.5_7.5_10.0_950_171.csv,1.1087445860535894e-5,8.672099004532485e-9,298.0,164,true
parabola_1.5_8.0_8.0_450_63.csv,6.038470640845617e-6,1.0958035158439103e-8,300.0,165,true
parabola_-1.5_9.0_6.5_500_85.csv,3.120032658898708e-6,2.1515938987617007e-9,267.0,140,true
parabola_2.0_10.0_-8.0_150_18.csv,1.7300968693234609e-6,7.183530984541455e-10,280.0,151,true
parabola_2.0_-1.0_-5.5_150_8.csv,2.9235137617433793e-6,2.9173926635109067e-9,258.0,143,true
parabola_2.0_-1.5_-8.5_650_91.csv,2.660891589734149e-6,7.659625823125063e-9,326.0,179,true
parabola_-2.0_2.0_1.5_450_94.csv,7.093666630320072e-6,1.2704608824568134e-8,316.0,169,true
parabola_2.0_-2.0_3.0_3.csv,1.3105462452811523e-5,9.500945063510723e-9,235.0,124,true
parabola_-2.0_-3.0_-5.0_750_135.csv,2.7400404563060476e-6,1.4730768374981852e-8,298.0,164,true
parabola_2.0_-3.0_-7.0_600_84.csv,2.863138828246292e-6,1.7072815915414398e-8,229.0,124,true
parabola_2.0_-4.5_-8.0_300_36.csv,1.6863272855882627e-5,1.0094357291931737e-8,279.0,154,true
parabola_2.0_-5.0_0.5_850_119.csv,3.601651677731521e-6,1.1424758159286915e-8,277.0,156,true
parabola_2.0_-5.0_-5.0_950_66.csv,3.7950989115742573e-6,6.318520307135594e-9,255.0,138,true
parabola_2.0_-6.0_2.5_750_60.csv,1.7155272344915318e-6,2.5461004054461603e-9,225.0,118,true
parabola_-2.0_-6.5_4.0_1000_250.csv,1.2543614253957003e-6,5.471667479419971e-10,268.0,139,true
parabola_2.0_9.0_-1.5_350_46.csv,4.773694775916937e-6,6.381460659252801e-9,274.0,147,true
parabola_-2.5_0.0_-4.5_250_35.csv,4.504518511083688e-6,4.946045700616248e-9,251.0,142,true
parabola_-2.5_-0.5_-4.5_750_150.csv,4.226373084392776e-6,8.312100220359692e-9,257.0,139,true
parabola_-2.5_-0.5_6.5_150_22.csv,4.41643630999522e-6,3.2402124303742746e-9,235.0,130,true
parabola_-2.5_10.0_5.5_950_142.csv,3.863764433731376e-6,2.6000622098540352e-9,257.0,138,true
parabola_-2.5_1.0_-9.0_750_172.csv,2.2703450834882233e-6,1.93674127652785e-9,402.0,220,true
parabola_2.5_2.0_2.5_250_22.csv,1.116302311920947e-5,1.4824148599257832e-8,258.0,138,true
parabola_2.5_2.0_-5.0_600_102.csv,1.4380689616899645e-6,2.7036937316982002e-9,232.0,125,true
parabola_2.5_-2.0_6.5_550_66.csv,3.4578972085697046e-6,1.4513322422561604e-8,259.0,139,true
parabola_2.5_-3.0_1.5_750_165.csv,1.0411625082085152e-6,2.7791841154354115e-9,235.0,127,true
parabola_2.5_4.0_8.5_100_5.csv,6.6221245833553155e-6,1.0755702011355977e-8,288.0,159,true
parabola_-2.5_5.5_5.0_400_84.csv,1.2311517707530584e-6,2.3264706619230917e-9,271.0,147,true
parabola_-2.5_6.0_10.0_800_96.csv,2.4076927864769004e-6,2.6213354183220453e-9,258.0,142,true
parabola_2.5_-6.0_4.0_850_178.csv,1.1342727956886733e-6,6.00853846212995e-9,318.0,167,true
parabola_2.5_-8.5_-9.0_800_144.csv,2.4011747843388775e-6,2.8428022371965432e-9,295.0,160,true
parabola_3.0_0.0_-1.5_450_81.csv,5.20855436469958e-6,9.80661490918789e-9,325.0,177,true
parabola_-3.0_10.0_-1.0_150_11.csv,2.2847156184724327e-6,4.407554067194549e-9,307.0,169,true
parabola_3.0_10.0_-2.0_100_25.csv,5.505929711269175e-6,2.8009346534112114e-9,268.0,145,true
parabola_-3.0_-10.0_9.0_600_138.csv,5.829859059502951e-6,1.2530898078539061e-8,234.0,125,true
parabola_-3.0_2.0_-9.0_3.csv,3.6085152009146526e-5,1.6228798941370035e-8,320.0,176,true
parabola_-3.0_-3.0_5.5_500_40.csv,2.404856699556035e-6,2.5206997642031433e-9,315.0,169,true
parabola_-3.0_3.5_-6.0_250_45.csv,7.720456598914183e-6,2.6570359967196227e-9,240.0,127,true
parabola_-3.0_4.0_3.0_3.csv,1.1362453171237519e-5,3.0000944889570163e-9,242.0,132,true
parabola_-3.0_-4.5_8.0_800_160.csv,3.3824876766175294e-6,1.5174743093079126e-8,244.0,130,true
parabola_3.0_-5.5_0.5_700_175.csv,5.954665756147115e-6,9.233895568664094e-9,257.0,140,true
parabola_-3.0_6.0_0.5_450_40.csv,2.328101566639873e-6,1.4409521530772903e-9,314.0,166,true
parabola_3.0_7.0_-3.0_900_216.csv,2.0329500687310542e-6,4.67446383049118e-9,290.0,158,true
parabola_-3.0_7.0_-7.0_150_16.csv,2.0994039502397754e-6,1.131255812883146e-9,294.0,160,true
parabola_3.0_-7.5_7.0_1000_190.csv,3.82058492309767e-6,2.8714344283677406e-9,274.0,149,true
parabola_-3.0_7.5_9.0_750_98.csv,2.7469173780048095e-6,1.6466165785084577e-8,298.0,167,true
parabola_-3.5_10.0_0.5_600_120.csv,2.887368163118076e-6,3.4402373902393946e-9,274.0,146,true
parabola_3.5_1.5_-0.5_800_160.csv,1.0895587221337877e-6,1.0598825031062092e-9,278.0,151,true
parabola_-3.5_5.0_9.0_100_18.csv,3.5007856151736405e-6,2.9309633475287808e-9,285.0,157,true
parabola_3.5_6.5_-8.0_350_21.csv,5.766574670218461e-6,2.335188811213379e-9,302.0,164,true
parabola_3.5_8.5_-2.0_550_121.csv,2.0131902329634244e-6,2.352925056219612e-9,254.0,142,true
parabola_-3.5_8.5_2.5_150_14.csv,1.1272233688686129e-6,5.289407448451584e-10,331.0,183,true
parabola_-3.5_-9.0_-4.0_100_12.csv,1.0187603280087387e-5,7.770101955899278e-9,256.0,139,true
parabola_-3.5_-9.0_7.5_250_48.csv,2.8139822116912683e-6,4.962058560333969e-9,256.0,135,true
parabola_-4.0_1.0_6.0_750_68.csv,9.185432032765561e-7,1.0747025938237544e-9,241.0,129,true
parabola_4.0_-2.5_10.0_200_16.csv,3.392899117216075e-7,9.018998322955509e-11,335.0,179,true
parabola_-4.0_3.5_4.5_500_95.csv,1.1631554706070801e-6,8.429932993450247e-9,296.0,165,true
parabola_4.0_5.5_-2.0_450_22.csv,3.1037830439117897e-6,1.5502429719943494e-9,242.0,127,true
parabola_-4.0_-6.0_-4.0_150_21.csv,1.7779348755020408e-5,2.197823976239265e-8,312.0,173,true
parabola_4.0_-6.0_9.5_300_39.csv,1.8726813628688888e-6,1.3359670958793195e-9,276.0,151,true
parabola_-4.0_6.5_-5.0_100_19.csv,1.8602972277292906e-5,1.3952109725363543e-8,271.0,148,true
parabola_-4.5_-1.0_9.5_700_112.csv,9.689822149105964e-7,2.1187239379746384e-9,271.0,152,true
parabola_4.5_2.5_-2.0_750_188.csv,1.3983547830775933e-6,1.108134989628113e-9,300.0,162,true
parabola_-4.5_3.0_-4.5_250_38.csv,3.790633730460513e-6,2.188520422610587e-9,385.0,212,true
parabola_-4.5_-5.5_2.0_900_153.csv,1.366133503211131e-6,2.150703244122939e-9,291.0,156,true
parabola_-4.5_-5.5_5.5_300_30.csv,3.942610482532416e-6,2.144392950294512e-9,259.0,142,true
parabola_-4.5_7.5_7.5_750_75.csv,1.5114692590856293e-6,5.596947849974219e-9,255.0,135,true
parabola_4.5_-8.0_4.0_100_17.csv,3.5400132887275504e-6,4.5341668641098493e-10,224.0,121,true
parabola_4.5_8.0_4.5_250_32.csv,1.2811706184834293e-6,9.206124066189323e-10,261.0,139,true
parabola_4.5_8.5_-4.5_100_5.csv,1.7013325859238648e-6,1.3765483229016505e-9,270.0,149,true
parabola_5.0_10.0_7.5_250_55.csv,6.93900207160425e-6,1.0521931153144928e-8,293.0,157,true
parabola_-5.0_1.0_-3.0_650_78.csv,1.1729273290406184e-6,2.0666759883029636e-9,290.0,160,true
parabola_5.0_2.5_2.5_200_26.csv,8.879946532758254e-6,2.1331208416652856e-9,245.0,133,true
parabola_-5.0_4.0_-7.5_600_90.csv,1.6466106185220042e-6,1.9574843017991884e-9,353.0,191,true
parabola_5.0_-5.0_-7.0_250_35.csv,2.6631071505356374e-5,2.0247750634428958e-8,266.0,153,true
parabola_-5.0_-5.5_-7.0_200_18.csv,2.6347790562653017e-6,6.544873441810244e-10,355.0,188,true
parabola_5.0_6.0_1.0_1000_210.csv,4.358256411762795e-6,4.186204707031136e-9,252.0,135,true
parabola_-5.0_-6.0_1.0_3.csv,9.598788034637096e-6,3.630764537403964e-9,243.0,133,true
parabola_-5.0_-6.0_6.5_650_72.csv,9.058829082420061e-6,5.597340292122266e-9,324.0,175,true
parabola_5.0_6.5_-5.0_250_38.csv,7.45285333891843e-7,1.3584041756518198e-9,265.0,145,true
parabola_5.0_7.0_-5.5_950_76.csv,1.5464065423742568e-6,2.249658494116116e-9,248.0,132,true
parabola_5.0_-8.5_2.5_700_105.csv,1.1075019763495675e-6,1.1219101211792655e-9,279.0,148,true
parabola_5.0_-9.5_-7.0_750_158.csv,5.348268807381373e-6,9.230381376405424e-9,292.0,161,true
parabola_-5.5_0.0_-10.0_400_36.csv,6.365803595365094e-6,3.2472107994236105e-9,322.0,179,true
parabola_-5.5_0.0_1.0_150_38.csv,9.190776413703361e-6,1.2167438490381408e-8,240.0,129,true
parabola_5.5_0.5_-8.0_800_144.csv,1.7399057281042296e-6,6.556322554611255e-9,273.0,146,true
parabola_5.5_3.5_-3.5_500_85.csv,2.279391502213457e-7,7.504199939873135e-11,268.0,142,true
parabola_5.5_5.5_-2.5_400_64.csv,2.1938671972421275e-6,1.465079697557442e-9,245.0,131,true
parabola_-5.5_6.5_2.0_500_85.csv,6.8028039734713275e-6,2.5051657937438287e-8,253.0,139,true
parabola_5.5_8.0_0.5_850_68.csv,4.339655892415806e-6,3.6218971824351522e-9,250.0,132,true
parabola_5.5_-9.0_-0.5_400_24.csv,2.4900761298241036e-5,2.667452074485998e-8,260.0,141,true
parabola_-5.5_9.5_10.0_700_126.csv,1.6883567681702516e-6,3.0217440882567927e-9,315.0,171,true
parabola_5.5_-9.5_3.5_150_9.csv,4.428514761123381e-6,1.429236474929835e-9,348.0,194,true
parabola_-6.0_0.5_1.5_900_207.csv,3.2062913666308646e-6,3.2477551244557723e-9,249.0,133,true
parabola_-6.0_-0.5_2.5_850_162.csv,1.4641145247296095e-6,2.6142994365928645e-9,304.0,166,true
parabola_-6.0_0.5_-8.5_150_16.csv,1.0416723025485908e-5,7.941104205501322e-9,346.0,190,true
parabola_-6.0_2.0_9.5_850_42.csv,3.837288497621216e-6,1.2744906232233423e-8,281.0,156,true
parabola_6.0_2.5_-4.5_550_77.csv,2.3613683008960606e-6,7.826618399457956e-10,239.0,128,true
parabola_6.0_3.0_7.5_350_70.csv,9.517718677187759e-6,1.3692690663948883e-8,315.0,172,true
parabola_-6.0_3.0_8.5_400_88.csv,8.172695611374792e-6,8.184247956794294e-9,293.0,155,true
parabola_6.0_4.0_8.0_800_96.csv,1.6321080451575654e-6,6.631868824224675e-9,306.0,167,true
parabola_-6.0_-4.5_-3.5_350_84.csv,8.021423298920638e-7,4.879726475805065e-10,337.0,183,true
parabola_6.0_-5.0_-4.0_650_111.csv,1.9822797199253728e-6,1.6894308345830279e-9,265.0,144,true
parabola_-6.0_6.5_0.0_800_56.csv,4.35265645790786e-6,1.0844214518988608e-8,252.0,135,true
parabola_-6.0_6.5_-9.5_550_50.csv,1.95478761000345e-6,7.988505594676743e-9,388.0,208,true
parabola_6.0_7.5_-5.5_750_45.csv,2.2445610241561553e-6,6.917939736990259e-9,309.0,166,true
parabola_-6.0_-8.0_8.0_600_66.csv,4.955639556492031e-6,1.2634829187415189e-8,255.0,133,true
parabola_6.0_-9.0_-1.0_3.csv,9.455493216847799e-6,3.4563671284996614e-9,253.0,137,true
parabola_6.0_9.0_5.0_650_91.csv,2.0466862284962417e-6,6.62832260424527e-9,347.0,189,true
parabola_-6.0_-9.5_2.5_550_77.csv,2.967343259996369e-6,2.7972004450476175e-9,301.0,166,true
parabola_-6.0_-9.5_-7.0_100_15.csv,2.9189632790860287e-6,2.5797950528916003e-9,276.0,149,true
parabola_-6.5_10.0_-8.0_350_63.csv,3.985462321054456e-6,2.4159699345464107e-9,332.0,182,true
parabola_-6.5_-2.0_1.0_650_156.csv,1.872949198844509e-6,6.386847701596028e-9,345.0,187,true
parabola_6.5_-4.0_10.0_200_20.csv,4.136948726696232e-6,3.900818313631697e-9,273.0,150,true
parabola_-6.5_-4.0_8.0_150_8.csv,3.9500082182897245e-6,1.035715624596847e-9,256.0,140,true
parabola_6.5_4.0_9.5_500_35.csv,4.254206857012832e-6,1.1055002397133025e-8,297.0,163,true
parabola_6.5_-4.5_7.0_450_63.csv,3.916304063267262e-7,1.6838566875475623e-9,406.0,221,true
parabola_6.5_-6.5_-0.5_200_38.csv,9.777168072488962e-6,3.711309185567228e-9,253.0,135,true
parabola_-6.5_-7.0_-7.5_200_50.csv,1.3790782038114457e-5,2.6137849441248392e-9,306.0,168,true
parabola_-6.5_7.5_-5.0_1000_110.csv,8.662933128178452e-6,9.894858120856217e-9,290.0,158,true
parabola_-6.5_8.0_-4.0_100_7.csv,7.738032716808618e-6,2.6722052478766898e-9,259.0,137,true
parabola_-6.5_-8.0_-4.0_750_180.csv,1.0557468597127695e-6,2.156799323622356e-9,353.0,195,true
parabola_-6.5_-8.5_5.0_550_116.csv,3.177402751575187e-6,7.542907980734417e-10,286.0,155,true
parabola_-6.5_-9.5_-7.0_900_54.csv,1.8031098178994398e-6,1.889595861837068e-9,325.0,178,true
parabola_7.0_0.0_-4.0_200_12.csv,4.3499316815243105e-6,7.958947210577648e-9,260.0,137,true
parabola_-7.0_10.0_0.0_3.csv,1.3652321295687386e-5,2.6401864625142727e-9,269.0,147,true
parabola_7.0_-1.0_-6.5_400_88.csv,5.5614940697168436e-6,1.1477022653617265e-8,274.0,146,true
parabola_-7.0_1.0_7.0_650_52.csv,2.050621207949632e-6,5.543259753732907e-9,370.0,201,true
parabola_7.0_2.0_-3.5_800_40.csv,1.3781539043300484e-6,2.762918991234954e-9,324.0,175,true
parabola_-7.0_2.0_-8.0_750_150.csv,4.2143950009787545e-6,1.4838091360512083e-8,391.0,207,true
parabola_-7.0_-3.5_2.5_300_63.csv,6.141286679195446e-7,9.869169695597638e-10,317.0,172,true
parabola_-7.0_-4.0_0.5_850_60.csv,1.318838979358361e-6,2.934313191138243e-9,286.0,155,true
parabola_-7.0_-4.0_-4.5_300_66.csv,3.0284415313275304e-6,7.478579369576655e-9,246.0,130,true
parabola_7.0_4.0_-6.5_700_119.csv,2.886557195047601e-6,6.054253710288306e-9,255.0,140,true
parabola_7.0_-5.0_-2.5_600_114.csv,1.3964179261805043e-6,2.3977508444744713e-9,268.0,147,true
parabola_7.0_5.0_6.0_450_45.csv,5.861011899810364e-6,6.295251352169649e-9,275.0,154,true
parabola_-7.0_6.0_8.5_700_42.csv,1.736223694592809e-6,1.4676642277373946e-9,266.0,143,true
parabola_-7.0_-9.0_7.0_3.csv,2.5647380300419798e-5,1.2596695782959357e-8,265.0,143,true
parabola_-7.5_-0.5_-10.0_400_92.csv,4.691943589207881e-6,5.05217208364836e-9,299.0,160,true
parabola_7.5_-0.5_2.0_100_9.csv,2.6923888789553985e-6,2.362386464639009e-9,272.0,143,true
parabola_-7.5_-1.5_3.0_550_77.csv,6.4268701471803524e-6,3.852578617290936e-9,239.0,130,true
parabola_-7.5_-2.0_-5.0_550_33.csv,2.59953770220811e-6,1.8154146274458375e-9,290.0,158,true
parabola_-7.5_-2.0_5.0_700_147.csv,4.932473851582131e-6,2.0934072567664214e-9,294.0,156,true
parabola_7.5_2.5_1.5_400_92.csv,3.0347202724101408e-6,4.374141157600886e-9,299.0,165,true
parabola_7.5_3.0_1.5_250_42.csv,7.4414491157970275e-6,8.516338133352586e-9,298.0,157,true
parabola_-7.5_-3.0_1.5_850_153.csv,1.0268238859190149e-6,2.410710725076257e-9,291.0,154,true
parabola_-7.5_4.5_8.5_750_142.csv,1.568072043767188e-6,1.9503694916156973e-9,320.0,175,true
parabola_-7.5_-5.0_-1.5_300_72.csv,9.897879687414957e-6,1.1811706500316768e-8,397.0,214,true
parabola_7.5_5.5_0.0_350_77.csv,5.413007746673895e-6,1.186426813050593e-8,289.0,158,true
parabola_7.5_6.5_-8.5_500_100.csv,9.795976936288753e-7,7.764506643181239e-10,360.0,191,true
parabola_-7.5_-7.0_-2.5_100_21.csv,7.413421116098107e-6,2.4258881852480515e-9,335.0,186,true
parabola_7.5_-8.5_2.5_300_42.csv,1.2742264345888543e-6,2.3877296000005e-9,323.0,179,true
parabola_-8.0_-0.5_10.0_600_150.csv,8.545939833126681e-6,3.0633082375383554e-9,298.0,165,true
parabola_8.0_0.5_-8.5_850_144.csv,3.3284069136385597e-6,3.781625375505067e-9,327.0,181,true
parabola_8.0_-10.0_-5.0_350_21.csv,1.5368305996688036e-6,5.460025976604757e-10,314.0,171,true
parabola_-8.0_1.5_4.0_400_32.csv,1.2472407977526245e-6,3.1361005882007853e-9,383.0,205,true
parabola_8.0_4.0_10.0_3.csv,1.227442878004581e-5,1.6462119323946903e-9,287.0,154,true
parabola_-8.0_-4.5_-7.5_800_40.csv,1.7523820545761737e-6,4.48840267796732e-9,297.0,162,true
parabola_-8.0_-5.5_4.5_700_140.csv,9.548011412618962e-7,7.55597716479096e-10,300.0,163,true
parabola_-8.0_5.5_-6.5_650_98.csv,4.967166420399849e-7,3.825514447319155e-9,411.0,224,true
parabola_-8.0_-6.0_7.5_250_42.csv,1.0720550630338721e-5,1.6520676200143657e-8,339.0,182,true
parabola_8.0_-7.0_10.0_450_76.csv,5.731822675159037e-6,1.2965748820666432e-8,340.0,186,true
parabola_-8.0_-7.5_-1.5_800_64.csv,1.1524151877218003e-6,4.3861833884839804e-10,281.0,152,true
parabola_8.0_-8.0_5.5_100_25.csv,9.335959477496658e-6,3.0842752717494364e-9,288.0,154,true
parabola_-8.0_-9.0_5.5_300_63.csv,2.905781723683276e-6,3.5870434656070365e-9,264.0,142,true
parabola_8.0_-9.0_-5.5_350_32.csv,1.572380535108664e-6,6.833273438602355e-10,279.0,149,true
parabola_-8.0_9.5_-4.5_500_40.csv,8.498775322607344e-6,1.2159036398903676e-8,288.0,152,true
parabola_8.0_-9.5_8.0_900_180.csv,6.710547468813388e-6,1.1037802705638317e-8,389.0,209,true
parabola_8.5_-0.5_8.5_200_34.csv,7.1747987284709325e-6,3.0964620118864358e-9,268.0,147,true
parabola_-8.5_10.0_-3.5_600_114.csv,2.4015775856867094e-6,4.013320801923125e-9,287.0,155,true
parabola_-8.5_-1.0_-1.0_500_105.csv,3.928675318731756e-6,6.05051302776019e-9,264.0,141,true
parabola_-8.5_1.0_-3.5_350_74.csv,5.901498818849937e-6,8.520768256142007e-9,263.0,141,true
parabola_-8.5_-2.5_3.0_300_72.csv,4.277955960141355e-6,2.189712312703984e-9,265.0,139,true
parabola_8.5_-2.5_-5.5_800_176.csv,2.628163585427501e-6,1.5287046336737184e-9,273.0,150,true
parabola_-8.5_-3.0_-6.0_400_56.csv,2.934333210191653e-6,5.231696807766694e-9,392.0,217,true
parabola_8.5_3.5_5.0_800_128.csv,1.746311392381017e-6,3.48520916485698e-9,309.0,167,true
parabola_8.5_3.5_-6.5_650_130.csv,3.44957874487406e-6,2.8224579946324696e-9,305.0,162,true
parabola_-8.5_3.5_-9.5_250_42.csv,5.807432405191548e-6,1.4048311712090225e-8,270.0,144,true
parabola_-8.5_4.0_4.0_650_58.csv,2.5419179916497114e-6,1.2028002665623976e-8,285.0,157,true
parabola_8.5_-4.0_-5.5_200_44.csv,6.111448335843761e-6,2.853592340427195e-9,376.0,204,true
parabola_8.5_6.0_8.0_700_147.csv,3.439891251844074e-6,7.937853401529534e-9,305.0,167,true
parabola_8.5_-6.5_0.0_600_96.csv,1.1908275503458299e-6,2.986233421783515e-9,291.0,159,true
parabola_8.5_7.0_-5.0_200_38.csv,6.579376551130167e-6,1.2101148600422696e-9,289.0,151,true
parabola_-8.5_7.5_5.5_450_81.csv,6.183104224177782e-6,1.4260360506143296e-9,292.0,159,true
parabola_-8.5_8.0_-3.0_600_54.csv,3.975099067687893e-6,3.046786603832631e-9,266.0,146,true
parabola_-8.5_8.0_9.0_900_171.csv,1.352511656449451e-6,2.2844856413235608e-9,260.0,136,true
parabola_-8.5_8.5_4.0_300_66.csv,4.4185188237122475e-6,8.071763196206489e-9,315.0,171,true
parabola_8.5_-9.0_8.0_600_150.csv,3.971827080562207e-7,3.1516885540991e-9,295.0,160,true
parabola_-8.5_9.5_0.5_250_45.csv,8.133809227928168e-6,1.9267519806227693e-9,242.0,131,true
parabola_9.0_0.0_-2.0_3.csv,4.229458377428686e-6,7.044413244688811e-10,254.0,138,true
parabola_-9.0_10.0_-1.0_500_70.csv,1.494393170986541e-6,2.0061511831316992e-9,313.0,168,true
parabola_9.0_-10.0_2.0_3.csv,1.1015772393818679e-5,1.4216689268953413e-8,260.0,140,true
parabola_-9.0_-1.0_9.0_300_18.csv,3.652778932661249e-6,2.4436865693931382e-9,268.0,148,true
parabola_9.0_-1.5_8.5_450_76.csv,1.168378965132888e-6,2.1962412906983626e-9,382.0,204,true
parabola_-9.0_2.0_-9.5_1000_110.csv,3.892846514030879e-7,5.394903354359938e-10,296.0,161,true
parabola_9.0_4.0_4.0_350_42.csv,5.674773819741574e-7,7.78453718634773e-10,322.0,177,true
parabola_9.0_-4.5_-1.0_350_77.csv,1.1179750316614445e-6,4.43202392887905e-9,347.0,186,true
parabola_-9.0_5.0_-9.0_600_48.csv,1.0720104590689061e-6,8.409932284097197e-9,289.0,158,true
parabola_-9.0_5.5_6.0_250_15.csv,3.5858985780734542e-6,4.44564142301402e-9,317.0,171,true
parabola_-9.0_7.5_-10.0_100_14.csv,9.05510575854862e-6,4.044167031864546e-9,323.0,176,true
parabola_9.0_8.5_9.0_300_63.csv,9.763760116854314e-6,4.508462252298471e-9,269.0,144,true
parabola_-9.0_9.0_6.0_450_81.csv,8.717134718949637e-6,1.065734815413115e-8,304.0,161,true
parabola_9.0_9.0_6.5_150_27.csv,2.802039059446315e-6,3.1101590177119466e-9,327.0,178,true
parabola_-9.5_-0.5_-7.0_200_48.csv,2.801897967585898e-6,3.595440004361864e-9,315.0,172,true
parabola_-9.5_-10.0_-4.5_850_136.csv,9.072816839150732e-6,2.2037279908587636e-8,292.0,157,true
parabola_-9.5_-2.5_-9.5_750_135.csv,1.6352880294334682e-6,1.8219117546404498e-9,353.0,195,true
parabola_-9.5_-3.5_1.0_700_42.csv,1.5701945983437327e-6,5.073063669506009e-9,282.0,155,true
parabola_-9.5_3.5_-6.0_850_85.csv,2.9632827924785943e-7,3.872150687796978e-9,392.0,210,true
parabola_9.5_-5.5_-4.0_500_70.csv,4.258279512114882e-6,3.736152349332291e-9,289.0,159,true
parabola_9.5_-7.0_-2.0_150_22.csv,2.688883545154397e-6,2.4179409279513042e-9,349.0,191,true
parabola_-9.5_7.0_2.5_300_66.csv,4.527553819855257e-6,8.744672078224207e-9,268.0,145,true
parabola_-9.5_-8.5_2.5_350_56.csv,2.9373166370305626e-6,2.883494524188337e-9,255.0,136,true
